original;referencia_csv;idf;nombre_comercial;tipo;material;color;piedra;fotos;precio;stock;medidas;estado;notas;image
"pendiente_001";"BISU-PEN-001-M05C06P05";"pendiente_001";"Pendientes de aro acabado plateado sin piedras";"PEN";"005";"006";"005";"4";"";"1";"";"disponible";"Pendientes de aro acabado plateado sin piedras";"/imagenes/lote-001/001-pendiente_001-BISU-PEN-001-M05C06P05-01.webp"
"pendiente_002";"BISU-PEN-001-M01C02P05";"pendiente_002";"Pendientes largos en resina con tonos multicolor sin piedras";"PEN";"001";"002";"005";"4";"";"1";"";"disponible";"Pendientes largos en resina con tonos multicolor sin piedras";"/imagenes/lote-001/002-pendiente_002-BISU-PEN-001-M01C02P05-01.webp"
"pendiente_003";"BISU-PEN-001-M04C06P06";"pendiente_003";"Pendientes largos en resina acabado rojo sin piedras";"PEN";"004";"006";"006";"4";"";"1";"";"disponible";"Pendientes largos en resina acabado rojo sin piedras";"/imagenes/lote-001/003-pendiente_003-BISU-PEN-001-M04C06P06-01.webp"
"pendiente_004";"BISU-PEN-001-M05C05P02";"pendiente_004";"Pendientes largos en acero inoxidable acabado plateado con cristales";"PEN";"005";"005";"002";"4";"";"1";"";"disponible";"Pendientes largos en acero inoxidable acabado plateado con cristales";"/imagenes/lote-001/004-pendiente_004-BISU-PEN-001-M05C05P02-01.webp"
"pendiente_005";"BISU-PEN-004-M02C06P05";"pendiente_005";"Pendientes largos en resina acabado verde sin piedras";"PEN";"002";"006";"005";"3";"";"1";"";"disponible";"Pendientes largos en resina acabado verde sin piedras";"/imagenes/lote-001/005-pendiente_005-BISU-PEN-004-M02C06P05-01.webp"
"pendiente_006";"BISU-PEN-001-M01C06P05";"pendiente_006";"Pendientes largos en resina con tonos multicolor sin piedras";"PEN";"001";"006";"005";"3";"";"1";"";"disponible";"Pendientes largos en resina con tonos multicolor sin piedras";"/imagenes/lote-001/006-pendiente_006-BISU-PEN-001-M01C06P05-01.webp"
"pendiente_007";"BISU-PEN-001-M05C09P01";"pendiente_007";"Pendientes largos acabado plateado sin piedras";"PEN";"005";"009";"001";"3";"";"1";"";"disponible";"Pendientes largos acabado plateado sin piedras";"/imagenes/lote-001/007-pendiente_007-BISU-PEN-001-M05C09P01-01.webp"
"pendiente_008";"BISU-PEN-004-M02C01P05";"pendiente_008";"Pendientes largos en latón con tonos multicolor con esmalte";"PEN";"002";"001";"005";"3";"";"1";"";"disponible";"Pendientes largos en latón con tonos multicolor con esmalte";"/imagenes/lote-001/008-pendiente_008-BISU-PEN-004-M02C01P05-01.webp"
"pendiente_009";"BISU-PEN-001-M01C02P05";"pendiente_009";"Pendientes largos en resina acabado blanco con cristales";"PEN";"001";"002";"005";"3";"";"1";"";"disponible";"Pendientes largos en resina acabado blanco con cristales";"/imagenes/lote-001/009-pendiente_009-BISU-PEN-001-M01C02P05-01.webp"
"pendiente_010";"BISU-PEN-001-M05C09P02";"pendiente_010";"Pendientes de aro con tonos multicolor sin piedras";"PEN";"005";"009";"002";"3";"";"1";"";"disponible";"Pendientes de aro con tonos multicolor sin piedras";"/imagenes/lote-001/010-pendiente_010-BISU-PEN-001-M05C09P02-01.webp"
"pendiente_011";"BISU-PEN-001-M05C00P05";"pendiente_011";"Pendientes largos con tonos multicolor sin piedras";"PEN";"005";"000";"005";"3";"";"1";"";"disponible";"Pendientes largos con tonos multicolor sin piedras";"/imagenes/lote-001/011-pendiente_011-BISU-PEN-001-M05C00P05-01.webp"
"pendiente_012";"BISU-PEN-001-M05C00P05";"pendiente_012";"Pendientes largos en resina acabado azul con perlas";"PEN";"005";"000";"005";"3";"";"1";"";"disponible";"Pendientes largos en resina acabado azul con perlas";"/imagenes/lote-001/012-pendiente_012-BISU-PEN-001-M05C00P05-01.webp"
"pendiente_013";"BISU-PEN-001-M01C02P05";"pendiente_013";"Pendientes de aro acabado dorado sin piedras";"PEN";"001";"002";"005";"3";"";"1";"";"disponible";"Pendientes de aro acabado dorado sin piedras";"/imagenes/lote-001/013-pendiente_013-BISU-PEN-001-M01C02P05-01.webp"
"pendiente_014";"BISU-PEN-001-M01C02P05";"pendiente_014";"Pendientes largos acabado plateado sin piedras";"PEN";"001";"002";"005";"3";"";"1";"";"disponible";"Pendientes largos acabado plateado sin piedras";"/imagenes/lote-001/014-pendiente_014-BISU-PEN-001-M01C02P05-01.webp"
"pendiente_015";"BISU-PEN-001-M01C02P05";"pendiente_015";"Pendientes largos en resina acabado azul con cristales";"PEN";"001";"002";"005";"3";"";"1";"";"disponible";"Pendientes largos en resina acabado azul con cristales";"/imagenes/lote-001/015-pendiente_015-BISU-PEN-001-M01C02P05-01.webp"
"pendiente_016";"BISU-PEN-001-M00C00P05";"pendiente_016";"Pendientes largos en resina acabado rosa sin piedras";"PEN";"000";"000";"005";"3";"";"1";"";"disponible";"Pendientes largos en resina acabado rosa sin piedras";"/imagenes/lote-001/016-pendiente_016-BISU-PEN-001-M00C00P05-01.webp"
"pendiente_017";"BISU-PEN-001-M01C09P05";"pendiente_017";"Pendientes largos en resina acabado rosa sin piedras";"PEN";"001";"009";"005";"3";"";"1";"";"disponible";"Pendientes largos en resina acabado rosa sin piedras";"/imagenes/lote-001/017-pendiente_017-BISU-PEN-001-M01C09P05-01.webp"
"pendiente_018";"BISU-PEN-001-M00C00P05";"pendiente_018";"Pendientes largos acabado plateado sin piedras con argollas texturadas y martilladas.  Aros y �valos enlazados con mezcla de";"PEN";"000";"000";"005";"3";"";"1";"";"disponible";"Pendientes largos acabado plateado sin piedras con argollas texturadas y martilladas.  Aros y �valos enlazados con mezcla de";"/imagenes/lote-001/018-pendiente_018-BISU-PEN-001-M00C00P05-01.webp"
"pendiente_019";"BISU-PEN-001-M05C06P05";"pendiente_019";"Pendientes largos acabado plateado sin piedras con doble disco grabado. Dos discos con motivo floral/mandala en relieve";"PEN";"005";"006";"005";"3";"";"1";"";"disponible";"Pendientes largos acabado plateado sin piedras con doble disco grabado. Dos discos con motivo floral/mandala en relieve";"/imagenes/lote-001/019-pendiente_019-BISU-PEN-001-M05C06P05-01.webp"
"pendiente_020";"BISU-PEN-001-M02C01P05";"pendiente_020";"Pendientes largos acabado plateado sin piedras con discos y hojas escalonadas. Cascada de discos cepillados y piezas tipo hoja";"PEN";"002";"001";"005";"3";"";"1";"";"disponible";"Pendientes largos acabado plateado sin piedras con discos y hojas escalonadas. Cascada de discos cepillados y piezas tipo hoja";"/imagenes/lote-001/020-pendiente_020-BISU-PEN-001-M02C01P05-01.webp"
"pendiente_021";"BISU-PEN-004-M01C02P05";"pendiente_021";"Pendientes largos en textil acabado caf� sin piedras con cuentas y flecos. Macram� con gotas alargadas tono marr�n";"PEN";"001";"002";"005";"3";"";"1";"";"disponible";"Pendientes largos en textil acabado caf� sin piedras con cuentas y flecos. Macram� con gotas alargadas tono marr�n";"/imagenes/lote-001/021-pendiente_021-BISU-PEN-004-M01C02P05-01.webp"
"pendiente_022";"BISU-PEN-004-M01C02P05";"pendiente_022";"Pendientes largos acabado azul sin piedras con motivo geom�trico esmaltado. Base met�lica con esmalte azul y relieve de puntos";"PEN";"001";"002";"005";"3";"";"1";"";"disponible";"Pendientes largos acabado azul sin piedras con motivo geom�trico esmaltado. Base met�lica con esmalte azul y relieve de puntos";"/imagenes/lote-001/022-pendiente_022-BISU-PEN-004-M01C02P05-01.webp"
"pendiente_023";"BISU-PEN-004-M01C06P05";"pendiente_023";"Pendientes largos en textil acabado fucsia sin piedras con borlas en abanico. Centro tipo l�grima y abanico de borlas fucsia";"PEN";"001";"006";"005";"3";"";"1";"";"disponible";"Pendientes largos en textil acabado fucsia sin piedras con borlas en abanico. Centro tipo l�grima y abanico de borlas fucsia";"/imagenes/lote-001/023-pendiente_023-BISU-PEN-004-M01C06P05-01.webp"
"pendiente_024";"BISU-PEN-004-M01C02P05";"pendiente_024";"Pendientes largos en resina con tonos multicolor sin piedras con �valo marmoleado. Resina efecto carey beige/negro con medio c�";"PEN";"001";"002";"005";"3";"";"1";"";"disponible";"Pendientes largos en resina con tonos multicolor sin piedras con �valo marmoleado. Resina efecto carey beige/negro con medio c�";"/imagenes/lote-001/024-pendiente_024-BISU-PEN-004-M01C02P05-01.webp"
"pendiente_025";"BISU-PEN-004-M01C02P05";"pendiente_025";"Pendientes largos acabado dorado sin piedras con aro texturizado y flecos negros.  Aro dorado con textura radial y flecos negros";"PEN";"001";"002";"005";"3";"";"1";"";"disponible";"Pendientes largos acabado dorado sin piedras con aro texturizado y flecos negros.  Aro dorado con textura radial y flecos negros";"/imagenes/lote-001/025-pendiente_025-BISU-PEN-004-M01C02P05-01.webp"
"pendiente_026";"BISU-PEN-001-M01C02P05";"pendiente_026";"Pendientes de aro acabado plateado sin piedras.  Aro grande liso con cierre pasador";"PEN";"001";"002";"005";"3";"";"1";"";"disponible";"Pendientes de aro acabado plateado sin piedras.  Aro grande liso con cierre pasador";"/imagenes/lote-001/026-pendiente_026-BISU-PEN-001-M01C02P05-01.webp"
"pendiente_027";"BISU-PEN-001-M01C02P05";"pendiente_027";"Pendientes de aro acabado plateado sin piedras con aro ancho. Medio aro ancho con poste";"PEN";"001";"002";"005";"3";"";"1";"";"disponible";"Pendientes de aro acabado plateado sin piedras con aro ancho. Medio aro ancho con poste";"/imagenes/lote-001/027-pendiente_027-BISU-PEN-001-M01C02P05-01.webp"
"pendiente_028";"BISU-PEN-001-M01C02P05";"pendiente_028";"Pendientes de aro con tonos multicolor sin piedras bicolor morado y negro. Metal con esmalte en degradado morado-negro";"PEN";"001";"002";"005";"3";"";"1";"";"disponible";"Pendientes de aro con tonos multicolor sin piedras bicolor morado y negro. Metal con esmalte en degradado morado-negro";"/imagenes/lote-001/028-pendiente_028-BISU-PEN-001-M01C02P05-01.webp"
"pendiente_029";"BISU-PEN-001-M01C02P05";"pendiente_029";"Pendientes de aro acabado plateado sin piedras con textura grabada.  Aro r�gido con relieve ornamental continuo";"PEN";"001";"002";"005";"3";"";"1";"";"disponible";"Pendientes de aro acabado plateado sin piedras con textura grabada.  Aro r�gido con relieve ornamental continuo";"/imagenes/lote-001/029-pendiente_029-BISU-PEN-001-M01C02P05-01.webp"
"pendiente_030";"BISU-PEN-001-M01C02P05";"pendiente_030";"Pendientes de aro acabado plateado sin piedras con textura punteada.  Aro delgado con patr�n punteado y cierre de presi�n";"PEN";"001";"002";"005";"3";"";"1";"";"disponible";"Pendientes de aro acabado plateado sin piedras con textura punteada.  Aro delgado con patr�n punteado y cierre de presi�n";"/imagenes/lote-001/030-pendiente_030-BISU-PEN-001-M01C02P05-01.webp"
"pendiente_031";"BISU-PEN-001-M02C01P05";"pendiente_031";"Pendientes largos acabado plateado sin piedras con malla met�lica trenzada en l�grima. Cuerpo de malla trenzada formando l�";"PEN";"002";"001";"005";"3";"";"1";"";"disponible";"Pendientes largos acabado plateado sin piedras con malla met�lica trenzada en l�grima. Cuerpo de malla trenzada formando l�";"/imagenes/lote-001/031-pendiente_031-BISU-PEN-001-M02C01P05-01.webp"
"pendiente_032";"BISU-PEN-004-M01C06P05";"pendiente_032";"Pendientes largos acabado plateado sin piedras con �valo calado y motivo central. Filigrana oval con adorno central estilizado";"PEN";"001";"006";"005";"3";"";"1";"";"disponible";"Pendientes largos acabado plateado sin piedras con �valo calado y motivo central. Filigrana oval con adorno central estilizado";"/imagenes/lote-001/032-pendiente_032-BISU-PEN-004-M01C06P05-01.webp"
"pendiente_033";"BISU-PEN-004-M01C09P05";"pendiente_033";"Pendientes largos acabado plateado sin piedras con mariposa filigrana punteada. Mariposa calada con textura de puntos";"PEN";"001";"009";"005";"3";"";"1";"";"disponible";"Pendientes largos acabado plateado sin piedras con mariposa filigrana punteada. Mariposa calada con textura de puntos";"/imagenes/lote-001/033-pendiente_033-BISU-PEN-004-M01C09P05-01.webp"
"pendiente_034";"BISU-PEN-004-M02C01P05";"pendiente_034";"Pendientes largos acabado plateado sin piedras con mariposa calada motivos geom�tricos. Mariposa calada con patrones en X";"PEN";"002";"001";"005";"3";"";"1";"";"disponible";"Pendientes largos acabado plateado sin piedras con mariposa calada motivos geom�tricos. Mariposa calada con patrones en X";"/imagenes/lote-001/034-pendiente_034-BISU-PEN-004-M02C01P05-01.webp"
"pendiente_035";"BISU-PEN-004-M01C06P02";"pendiente_035";"Pendientes largos acabado plateado sin piedras con rombo filigrana punteada y centro circular. Rombo calado con tex";"PEN";"001";"006";"002";"3";"";"1";"";"disponible";"Pendientes largos acabado plateado sin piedras con rombo filigrana punteada y centro circular. Rombo calado con tex";"/imagenes/lote-001/035-pendiente_035-BISU-PEN-004-M01C06P02-01.webp"
"pendiente_036";"BISU-PEN-001-M01C02P02";"pendiente_036";"Pendientes largos acabado dorado sin piedras con disco calado y colgantes de discos. Disco calado con cadena y discos colgant";"PEN";"001";"002";"002";"3";"";"1";"";"disponible";"Pendientes largos acabado dorado sin piedras con disco calado y colgantes de discos. Disco calado con cadena y discos colgant";"/imagenes/lote-001/036-pendiente_036-BISU-PEN-001-M01C02P02-01.webp"
"pendiente_037";"BISU-PEN-001-M01C09P05";"pendiente_037";"Pendientes de aro acabado plateado sin piedras con cascada de lentejuelas multicolor.  Aro con hileras de lentejuelas multico";"PEN";"001";"009";"005";"3";"";"1";"";"disponible";"Pendientes de aro acabado plateado sin piedras con cascada de lentejuelas multicolor.  Aro con hileras de lentejuelas multico";"/imagenes/lote-001/037-pendiente_037-BISU-PEN-001-M01C09P05-01.webp"
"pendiente_038";"BISU-PEN-001-M01C12P05";"pendiente_038";"Pendientes de aro acabado plateado sin piedras con cascada de lentejuelas azules.  Aro con hileras de lentejuelas azules";"PEN";"001";"012";"005";"3";"";"1";"";"disponible";"Pendientes de aro acabado plateado sin piedras con cascada de lentejuelas azules.  Aro con hileras de lentejuelas azules";"/imagenes/lote-001/038-pendiente_038-BISU-PEN-001-M01C12P05-01.webp"
"pendiente_039";"BISU-PEN-001-M01C05P05";"pendiente_039";"Pendientes de aro acabado dorado sin piedras con m�ltiples discos colgantes acabado envejecido.  Aro con discos gra";"PEN";"001";"005";"005";"3";"";"1";"";"disponible";"Pendientes de aro acabado dorado sin piedras con m�ltiples discos colgantes acabado envejecido.  Aro con discos gra";"/imagenes/lote-001/039-pendiente_039-BISU-PEN-001-M01C05P05-01.webp"
"pendiente_040";"BISU-PEN-001-M01C06P05";"pendiente_040";"Pendientes de aro acabado plateado con cristales verde y �mbar.  Aro con cuentas de cristal verdes y �mbar";"PEN";"001";"006";"005";"3";"";"1";"";"disponible";"Pendientes de aro acabado plateado con cristales verde y �mbar.  Aro con cuentas de cristal verdes y �mbar";"/imagenes/lote-001/040-pendiente_040-BISU-PEN-001-M01C06P05-01.webp"
"pendiente_041";"BISU-PEN-001-M01C13P05";"pendiente_041";"Pendientes largos acabado plateado con cristales transparentes en forma de cruz, bisel trenzado. Cruz formada por";"PEN";"001";"013";"005";"3";"";"1";"";"disponible";"Pendientes largos acabado plateado con cristales transparentes en forma de cruz, bisel trenzado. Cruz formada por";"/imagenes/lote-001/041-pendiente_041-BISU-PEN-001-M01C13P05-01.webp"
"pendiente_042";"BISU-PEN-001-M01C02P05";"pendiente_042";"Pendientes largos disco grande con motivo mandala esmaltado celeste, borde met�lico. Disco grande con mandala celeste y aro m";"PEN";"001";"002";"005";"3";"";"1";"";"disponible";"Pendientes largos disco grande con motivo mandala esmaltado celeste, borde met�lico. Disco grande con mandala celeste y aro m";"/imagenes/lote-001/042-pendiente_042-BISU-PEN-001-M01C02P05-01.webp"
"pendiente_043";"BISU-PEN-001-M01C09P05";"pendiente_043";"Pendientes largos disco transl�cido beige con relieve floral. Disco beige transl�cido con relieve floral";"PEN";"001";"009";"005";"3";"";"1";"";"disponible";"Pendientes largos disco transl�cido beige con relieve floral. Disco beige transl�cido con relieve floral";"/imagenes/lote-001/043-pendiente_043-BISU-PEN-001-M01C09P05-01.webp"
"pendiente_044";"BISU-PEN-001-M01C13P05";"pendiente_044";"Pendientes largos disco rojo con vetas horizontales. Disco rojo con textura de vetas";"PEN";"001";"013";"005";"3";"";"1";"";"disponible";"Pendientes largos disco rojo con vetas horizontales. Disco rojo con textura de vetas";"/imagenes/lote-001/044-pendiente_044-BISU-PEN-001-M01C13P05-01.webp"
"pendiente_045";"BISU-PEN-001-M01C05P05";"pendiente_045";"Pendientes largos disco duotono verde/azul con vetas horizontales. Disco verde/azul con textura de vetas";"PEN";"001";"005";"005";"3";"";"1";"";"disponible";"Pendientes largos disco duotono verde/azul con vetas horizontales. Disco verde/azul con textura de vetas";"/imagenes/lote-001/045-pendiente_045-BISU-PEN-001-M01C05P05-01.webp"
"pendiente_046";"BISU-PEN-001-M01C07P05";"pendiente_046";"Pendientes largos disco grande patr�n punteado esmaltado fucsia/rosa, abertura superior. Disco con celdas esmaltadas fucs";"PEN";"001";"007";"005";"3";"";"1";"";"disponible";"Pendientes largos disco grande patr�n punteado esmaltado fucsia/rosa, abertura superior. Disco con celdas esmaltadas fucs";"/imagenes/lote-001/046-pendiente_046-BISU-PEN-001-M01C07P05-01.webp"
"pendiente_047";"BISU-PEN-001-M01C13P05";"pendiente_047";"Pendientes largos disco grande metal martillado acabado plateado. Disco martillado con hueco superior";"PEN";"001";"013";"005";"3";"";"1";"";"disponible";"Pendientes largos disco grande metal martillado acabado plateado. Disco martillado con hueco superior";"/imagenes/lote-001/047-pendiente_047-BISU-PEN-001-M01C13P05-01.webp"
"pendiente_048";"BISU-PEN-001-M01C09P05";"pendiente_048";"Pendientes largos disco grande patr�n punteado esmaltado azul/celeste, abertura superior. Disco con celdas esmaltadas az";"PEN";"001";"009";"005";"3";"";"1";"";"disponible";"Pendientes largos disco grande patr�n punteado esmaltado azul/celeste, abertura superior. Disco con celdas esmaltadas az";"/imagenes/lote-001/048-pendiente_048-BISU-PEN-001-M01C09P05-01.webp"
"pendiente_049";"BISU-PEN-001-M02C01P05";"pendiente_049";"Pendientes largos hoja alargada borde acanalado con esmalte rosa. Hoja alargada con borde acanalado y esmalte rosa";"PEN";"002";"001";"005";"3";"";"1";"";"disponible";"Pendientes largos hoja alargada borde acanalado con esmalte rosa. Hoja alargada con borde acanalado y esmalte rosa";"/imagenes/lote-001/049-pendiente_049-BISU-PEN-001-M02C01P05-01.webp"
"pendiente_050";"BISU-PEN-001-M01C13P05";"pendiente_050";"Pendientes largos hoja alargada borde acanalado con esmalte rojo. Hoja alargada con borde acanalado y esmalte rojo";"PEN";"001";"013";"005";"3";"";"1";"";"disponible";"Pendientes largos hoja alargada borde acanalado con esmalte rojo. Hoja alargada con borde acanalado y esmalte rojo";"/imagenes/lote-001/050-pendiente_050-BISU-PEN-001-M01C13P05-01.webp"
"pendiente_051";"BISU-PEN-001-M01C09P05";"pendiente_051";"Pendientes largos hoja alargada borde acanalado con esmalte verde. Hoja alargada con borde acanalado y esmalte verde";"PEN";"001";"009";"005";"3";"";"1";"";"disponible";"Pendientes largos hoja alargada borde acanalado con esmalte verde. Hoja alargada con borde acanalado y esmalte verde";"/imagenes/lote-001/051-pendiente_051-BISU-PEN-001-M01C09P05-01.webp"
"pendiente_052";"BISU-PEN-001-M02C01P05";"pendiente_052";"Pendientes largos gota filigrana esmaltada rosa con recorte central y borde de cuentas. Gota decorada con filigrana y cuen";"PEN";"002";"001";"005";"3";"";"1";"";"disponible";"Pendientes largos gota filigrana esmaltada rosa con recorte central y borde de cuentas. Gota decorada con filigrana y cuen";"/imagenes/lote-001/052-pendiente_052-BISU-PEN-001-M02C01P05-01.webp"
"pendiente_053";"BISU-PEN-001-M01C09P05";"pendiente_053";"Pendientes largos gota filigrana esmaltada turquesa con recorte central y borde de cuentas. Gota decorada turquesa con";"PEN";"001";"009";"005";"3";"";"1";"";"disponible";"Pendientes largos gota filigrana esmaltada turquesa con recorte central y borde de cuentas. Gota decorada turquesa con";"/imagenes/lote-001/053-pendiente_053-BISU-PEN-001-M01C09P05-01.webp"
"pendiente_054";"BISU-PEN-001-M01C04P05";"pendiente_054";"Pendientes largos gota filigrana acabado dorado con recorte central y borde de cuentas. Gota dorada con filigrana y cuenta";"PEN";"001";"004";"005";"3";"";"1";"";"disponible";"Pendientes largos gota filigrana acabado dorado con recorte central y borde de cuentas. Gota dorada con filigrana y cuenta";"/imagenes/lote-001/054-pendiente_054-BISU-PEN-001-M01C04P05-01.webp"
"pendiente_055";"BISU-PEN-001-M01C07P05";"pendiente_055";"Pendientes largos gota mosaico esmaltado fucsia con patr�n de celdas. Gota con mosaico de celdas esmaltadas fucsia";"PEN";"001";"007";"005";"3";"";"1";"";"disponible";"Pendientes largos gota mosaico esmaltado fucsia con patr�n de celdas. Gota con mosaico de celdas esmaltadas fucsia";"/imagenes/lote-001/055-pendiente_055-BISU-PEN-001-M01C07P05-01.webp"
"pendiente_056";"BISU-PEN-001-M02C01P05";"pendiente_056";"Pendientes largos gota mosaico esmaltado celeste con patr�n de celdas. Gota con mosaico de celdas esmaltadas celeste";"PEN";"002";"001";"005";"3";"";"1";"";"disponible";"Pendientes largos gota mosaico esmaltado celeste con patr�n de celdas. Gota con mosaico de celdas esmaltadas celeste";"/imagenes/lote-001/056-pendiente_056-BISU-PEN-001-M02C01P05-01.webp"
"pendiente_057";"BISU-PEN-001-M02C02P05";"pendiente_057";"Pendientes largos gota relieve de cuentas acabado dorado. Gota dorada con relieve y borde de cuentas";"PEN";"002";"002";"005";"3";"";"1";"";"disponible";"Pendientes largos gota relieve de cuentas acabado dorado. Gota dorada con relieve y borde de cuentas";"/imagenes/lote-001/057-pendiente_057-BISU-PEN-001-M02C02P05-01.webp"
"pendiente_058";"BISU-PEN-001-M02C02P05";"pendiente_058";"Pendientes largos gota relieve de cuentas esmaltada turquesa. Gota turquesa con relieve y borde de cuentas";"PEN";"002";"002";"005";"3";"";"1";"";"disponible";"Pendientes largos gota relieve de cuentas esmaltada turquesa. Gota turquesa con relieve y borde de cuentas";"/imagenes/lote-001/058-pendiente_058-BISU-PEN-001-M02C02P05-01.webp"
"pendiente_059";"BISU-PEN-001-M01C06P05";"pendiente_059";"Pendientes largos gota relieve de cuentas esmaltada naranja. Gota naranja con relieve y borde de cuentas";"PEN";"001";"006";"005";"3";"";"1";"";"disponible";"Pendientes largos gota relieve de cuentas esmaltada naranja. Gota naranja con relieve y borde de cuentas";"/imagenes/lote-001/059-pendiente_059-BISU-PEN-001-M01C06P05-01.webp"
"pendiente_060";"BISU-PEN-001-M02C01P05";"pendiente_060";"Pendientes largos gota relieve de cuentas esmaltada verde oscuro. Gota verde oscuro con relieve y borde de cuentas";"PEN";"002";"001";"005";"3";"";"1";"";"disponible";"Pendientes largos gota relieve de cuentas esmaltada verde oscuro. Gota verde oscuro con relieve y borde de cuentas";"/imagenes/lote-001/060-pendiente_060-BISU-PEN-001-M02C01P05-01.webp"
"pendiente_061";"BISU-PEN-001-M02C01P05";"pendiente_061";"Pendientes largos hoja grande nervada acabado dorado. Hoja grande texturizada con nervaduras, acabado dorado";"PEN";"002";"001";"005";"3";"";"1";"";"disponible";"Pendientes largos hoja grande nervada acabado dorado. Hoja grande texturizada con nervaduras, acabado dorado";"/imagenes/lote-001/061-pendiente_061-BISU-PEN-001-M02C01P05-01.webp"
"pendiente_062";"BISU-PEN-001-M02C02P05";"pendiente_062";"Pendientes largos gota acanalada radial calada acabado plateado. Gota calada con acanalado radial plateado";"PEN";"002";"002";"005";"3";"";"1";"";"disponible";"Pendientes largos gota acanalada radial calada acabado plateado. Gota calada con acanalado radial plateado";"/imagenes/lote-001/062-pendiente_062-BISU-PEN-001-M02C02P05-01.webp"
"pendiente_063";"BISU-PEN-001-M02C02P05";"pendiente_063";"Pendientes largos gota calada flor de loto acabado plateado. Gota calada con motivo flor de loto plateado";"PEN";"002";"002";"005";"3";"";"1";"";"disponible";"Pendientes largos gota calada flor de loto acabado plateado. Gota calada con motivo flor de loto plateado";"/imagenes/lote-001/063-pendiente_063-BISU-PEN-001-M02C02P05-01.webp"
"pendiente_064";"BISU-PEN-001-M02C01P05";"pendiente_064";"Pendientes largos gota calada flor de loto esmaltada negra. Gota calada con flor de loto esmaltada negra";"PEN";"002";"001";"005";"3";"";"1";"";"disponible";"Pendientes largos gota calada flor de loto esmaltada negra. Gota calada con flor de loto esmaltada negra";"/imagenes/lote-001/064-pendiente_064-BISU-PEN-001-M02C01P05-01.webp"
"pendiente_065";"BISU-PEN-001-M02C01P05";"pendiente_065";"Pendientes largos gota calada mandala de filigrana acabado dorado. Gota calada tipo mandala con filigrana dorada";"PEN";"002";"001";"005";"3";"";"1";"";"disponible";"Pendientes largos gota calada mandala de filigrana acabado dorado. Gota calada tipo mandala con filigrana dorada";"/imagenes/lote-001/065-pendiente_065-BISU-PEN-001-M02C01P05-01.webp"
"pendiente_066";"BISU-PEN-001-M02C02P05";"pendiente_066";"Pendientes largos gota grabada floral acabado bronce. Gota grabada con patr�n floral estilo bronce";"PEN";"002";"002";"005";"3";"";"1";"";"disponible";"Pendientes largos gota grabada floral acabado bronce. Gota grabada con patr�n floral estilo bronce";"/imagenes/lote-001/066-pendiente_066-BISU-PEN-001-M02C02P05-01.webp"
"pendiente_067";"BISU-PEN-001-M02C02P05";"pendiente_067";"Pendientes largos hoja almendra calada arabescos acabado plateado. Hoja/almendra calada con arabescos plateados";"PEN";"002";"002";"005";"3";"";"1";"";"disponible";"Pendientes largos hoja almendra calada arabescos acabado plateado. Hoja/almendra calada con arabescos plateados";"/imagenes/lote-001/067-pendiente_067-BISU-PEN-001-M02C02P05-01.webp"
"pendiente_068";"BISU-PEN-001-M02C02P05";"pendiente_068";"Pendientes largos gota calada arabescos con borde perleado plateado. Gota calada con arabescos y borde perleado plateado";"PEN";"002";"002";"005";"3";"";"1";"";"disponible";"Pendientes largos gota calada arabescos con borde perleado plateado. Gota calada con arabescos y borde perleado plateado";"/imagenes/lote-001/068-pendiente_068-BISU-PEN-001-M02C02P05-01.webp"
"pendiente_069";"BISU-PEN-001-M02C02P05";"pendiente_069";"Pendientes largos aro oval calado martillado dorado.  Aro oval calado textura martillada dorada";"PEN";"002";"002";"005";"3";"";"1";"";"disponible";"Pendientes largos aro oval calado martillado dorado.  Aro oval calado textura martillada dorada";"/imagenes/lote-001/069-pendiente_069-BISU-PEN-001-M02C02P05-01.webp"
"pendiente_070";"BISU-PEN-001-M02C01P05";"pendiente_070";"Pendientes largos aro oval calado liso dorado.  Aro oval calado de acabado liso dorado";"PEN";"002";"001";"005";"3";"";"1";"";"disponible";"Pendientes largos aro oval calado liso dorado.  Aro oval calado de acabado liso dorado";"/imagenes/lote-001/070-pendiente_070-BISU-PEN-001-M02C01P05-01.webp"
"pendiente_071";"BISU-PEN-001-M02C10P05";"pendiente_071";"Pendientes aro oval grueso facetado piramidal plateado.  Aro oval grueso con facetas piramidales plateadas";"PEN";"002";"010";"005";"3";"";"1";"";"disponible";"Pendientes aro oval grueso facetado piramidal plateado.  Aro oval grueso con facetas piramidales plateadas";"/imagenes/lote-001/071-pendiente_071-BISU-PEN-001-M02C10P05-01.webp"
"pendiente_072";"BISU-PEN-004-M01C06P05";"pendiente_072";"Pendientes largos gota doble calada martillada con dijes azules. Gota doble calada martillada con colgantes azules";"PEN";"001";"006";"005";"3";"";"1";"";"disponible";"Pendientes largos gota doble calada martillada con dijes azules. Gota doble calada martillada con colgantes azules";"/imagenes/lote-001/072-pendiente_072-BISU-PEN-004-M01C06P05-01.webp"
"pendiente_073";"BISU-PEN-004-M01C06P05";"pendiente_073";"Pendientes largos hoja almendra calada lisa plateado. Marco almendrado liso calado plateado";"PEN";"001";"006";"005";"3";"";"1";"";"disponible";"Pendientes largos hoja almendra calada lisa plateado. Marco almendrado liso calado plateado";"/imagenes/lote-001/073-pendiente_073-BISU-PEN-004-M01C06P05-01.webp"
"pendiente_074";"BISU-PEN-004-M01C06P05";"pendiente_074";"Pendientes largos gota filigrana con cristal y discos nacarados. Gota calada de filigrana con cristal y discos nacarados";"PEN";"001";"006";"005";"3";"";"1";"";"disponible";"Pendientes largos gota filigrana con cristal y discos nacarados. Gota calada de filigrana con cristal y discos nacarados";"/imagenes/lote-001/074-pendiente_074-BISU-PEN-004-M01C06P05-01.webp"
"pendiente_075";"BISU-PEN-001-M02C14P05";"pendiente_075";"Pendientes largos aro doble dorado con dijes coraz�n y cristal.  Aro doble dorado con colgantes coraz�n y cristal";"PEN";"002";"014";"005";"3";"";"1";"";"disponible";"Pendientes largos aro doble dorado con dijes coraz�n y cristal.  Aro doble dorado con colgantes coraz�n y cristal";"/imagenes/lote-001/075-pendiente_075-BISU-PEN-001-M02C14P05-01.webp"
"pendiente_076";"BISU-PEN-004-M01C06P05";"pendiente_076";"Pendientes largos coraz�n calado con cuentas celestes tipo cascada. Coraz�n calado con abalorios celestes en cascada";"PEN";"001";"006";"005";"3";"";"1";"";"disponible";"Pendientes largos coraz�n calado con cuentas celestes tipo cascada. Coraz�n calado con abalorios celestes en cascada";"/imagenes/lote-001/076-pendiente_076-BISU-PEN-004-M01C06P05-01.webp"
"pendiente_077";"BISU-PEN-004-M01C06P05";"pendiente_077";"Pendientes de aro grande negro delgado.  Aro grande negro, perfil delgado";"PEN";"001";"006";"005";"3";"";"1";"";"disponible";"Pendientes de aro grande negro delgado.  Aro grande negro, perfil delgado";"/imagenes/lote-001/077-pendiente_077-BISU-PEN-004-M01C06P05-01.webp"
"pendiente_078";"BISU-PEN-004-M01C12P05";"pendiente_078";"Pendientes de aro mediano negro con cierre.  Aro mediano negro con cierre tipo bisagra";"PEN";"001";"012";"005";"3";"";"1";"";"disponible";"Pendientes de aro mediano negro con cierre.  Aro mediano negro con cierre tipo bisagra";"/imagenes/lote-001/078-pendiente_078-BISU-PEN-004-M01C12P05-01.webp"
"pendiente_079";"BISU-PEN-004-M01C05P05";"pendiente_079";"Pendientes de aro peque�o negro con cierre.  Aro peque�o negro con cierre tipo bisagra";"PEN";"001";"005";"005";"3";"";"1";"";"disponible";"Pendientes de aro peque�o negro con cierre.  Aro peque�o negro con cierre tipo bisagra";"/imagenes/lote-001/079-pendiente_079-BISU-PEN-004-M01C05P05-01.webp"
"pendiente_080";"BISU-PEN-004-M01C05P05";"pendiente_080";"Pendientes largos coraz�n calado filigrana con cadenas, hojas y cristales violeta. Filigrana plateada con cadenas, hojas y cris";"PEN";"001";"005";"005";"3";"";"1";"";"disponible";"Pendientes largos coraz�n calado filigrana con cadenas, hojas y cristales violeta. Filigrana plateada con cadenas, hojas y cris";"/imagenes/lote-001/080-pendiente_080-BISU-PEN-004-M01C05P05-01.webp"
"pendiente_081";"BISU-PEN-004-M01C13P05";"pendiente_081";"Pendientes de aro negro grueso mediano con cierre.  Aro negro mediano, tubo grueso, cierre tipo bisagra";"PEN";"001";"013";"005";"3";"";"1";"";"disponible";"Pendientes de aro negro grueso mediano con cierre.  Aro negro mediano, tubo grueso, cierre tipo bisagra";"/imagenes/lote-002/081-pendiente_081-BISU-PEN-004-M01C13P05-01.webp"
"pendiente_082";"BISU-PEN-004-M01C13P05";"pendiente_082";"Pendientes de aro negro grueso peque�o con cierre.  Aro negro peque�o, tubo grueso, cierre tipo bisagra";"PEN";"001";"013";"005";"3";"";"1";"";"disponible";"Pendientes de aro negro grueso peque�o con cierre.  Aro negro peque�o, tubo grueso, cierre tipo bisagra";"/imagenes/lote-002/082-pendiente_082-BISU-PEN-004-M01C13P05-01.webp"
"pendiente_083";"BISU-PEN-001-M01C04P05";"pendiente_083";"Pendientes de aro grande blanco delgado.  Aro grande blanco, perfil delgado";"PEN";"001";"004";"005";"3";"";"1";"";"disponible";"Pendientes de aro grande blanco delgado.  Aro grande blanco, perfil delgado";"/imagenes/lote-002/083-pendiente_083-BISU-PEN-001-M01C04P05-01.webp"
"pendiente_084";"BISU-PEN-001-M02C15P06";"pendiente_084";"Pendientes de aro grande rojo delgado.  Aro grande rojo, perfil delgado";"PEN";"002";"015";"006";"3";"";"1";"";"disponible";"Pendientes de aro grande rojo delgado.  Aro grande rojo, perfil delgado";"/imagenes/lote-002/084-pendiente_084-BISU-PEN-001-M02C15P06-01.webp"
"pendiente_085";"BISU-PEN-001-M02C02P05";"pendiente_085";"Pendientes de aro mediano rojo delgado.  Aro mediano rojo, perfil delgado";"PEN";"002";"002";"005";"3";"";"1";"";"disponible";"Pendientes de aro mediano rojo delgado.  Aro mediano rojo, perfil delgado";"/imagenes/lote-002/085-pendiente_085-BISU-PEN-001-M02C02P05-01.webp"
"pendiente_086";"BISU-PEN-001-M05C01P05";"pendiente_086";"Pendientes de aro grande fucsia delgado.  Aro grande fucsia/magenta, perfil delgado";"PEN";"005";"001";"005";"3";"";"1";"";"disponible";"Pendientes de aro grande fucsia delgado.  Aro grande fucsia/magenta, perfil delgado";"/imagenes/lote-002/086-pendiente_086-BISU-PEN-001-M05C01P05-01.webp"
"pendiente_087";"BISU-PEN-001-M02C02P01";"pendiente_087";"Pendientes de aro mediano fucsia delgado.  Aro mediano fucsia/magenta, perfil delgado";"PEN";"002";"002";"001";"3";"";"1";"";"disponible";"Pendientes de aro mediano fucsia delgado.  Aro mediano fucsia/magenta, perfil delgado";"/imagenes/lote-002/087-pendiente_087-BISU-PEN-001-M02C02P01-01.webp"
"pendiente_088";"BISU-PEN-001-M02C14P05";"pendiente_088";"Pendientes largos disco calado silueta floral color caf�. Disco calado con silueta floral en marr�n/caf�";"PEN";"002";"014";"005";"3";"";"1";"";"disponible";"Pendientes largos disco calado silueta floral color caf�. Disco calado con silueta floral en marr�n/caf�";"/imagenes/lote-002/088-pendiente_088-BISU-PEN-001-M02C14P05-01.webp"
"pendiente_089";"BISU-PEN-001-M02C01P05";"pendiente_089";"Pendientes largos medall�n filigrana esmaltado verde/azul con hojas bronce. Medall�n con esmalte verde/azul y dijes de hojas bronce";"PEN";"002";"001";"005";"3";"";"1";"";"disponible";"Pendientes largos medall�n filigrana esmaltado verde/azul con hojas bronce. Medall�n con esmalte verde/azul y dijes de hojas bronce";"/imagenes/lote-002/089-pendiente_089-BISU-PEN-001-M02C01P05-01.webp"
"pendiente_090";"BISU-PEN-001-M02C05P02";"pendiente_090";"Pendientes largos flor en aro con borla de cadenas y cono calado plateado. Flor central en aro, borla de cadenas con cono calado";"PEN";"002";"005";"002";"3";"";"1";"";"disponible";"Pendientes largos flor en aro con borla de cadenas y cono calado plateado. Flor central en aro, borla de cadenas con cono calado";"/imagenes/lote-002/090-pendiente_090-BISU-PEN-001-M02C05P02-01.webp"
"pendiente_091";"BISU-PEN-001-M05C13P05";"pendiente_091";"Pendientes largos �valo de resina transparente con rosa dorada en relieve. �valo de resina transparente con aplique de rosa dorada";"PEN";"005";"013";"005";"3";"";"1";"";"disponible";"Pendientes largos �valo de resina transparente con rosa dorada en relieve. �valo de resina transparente con aplique de rosa dorada";"/imagenes/lote-002/091-pendiente_091-BISU-PEN-001-M05C13P05-01.webp"
"pendiente_092";"BISU-PEN-001-M02C06P02";"pendiente_092";"Pendientes largos espiga plateada con hojas filigrana y perla blanca. Espiga met�lica plateada con hojas caladas y perla blanca";"PEN";"002";"006";"002";"3";"";"1";"";"disponible";"Pendientes largos espiga plateada con hojas filigrana y perla blanca. Espiga met�lica plateada con hojas caladas y perla blanca";"/imagenes/lote-002/092-pendiente_092-BISU-PEN-001-M02C06P02-01.webp"
"pendiente_093";"BISU-PEN-004-M01C06P05";"pendiente_093";"Pendientes largos flor disco esmaltado violeta con bordes plateados. Flor de 6 p�talos esmaltada violeta con contorno plateado";"PEN";"001";"006";"005";"3";"";"1";"";"disponible";"Pendientes largos flor disco esmaltado violeta con bordes plateados. Flor de 6 p�talos esmaltada violeta con contorno plateado";"/imagenes/lote-002/093-pendiente_093-BISU-PEN-004-M01C06P05-01.webp"
"pendiente_094";"BISU-PEN-004-M01C06P05";"pendiente_094";"Pendientes largos flor met�lica dorada con centro blanco. Flor met�lica dorada de 6 p�talos con n�cleo blanco";"PEN";"001";"006";"005";"3";"";"1";"";"disponible";"Pendientes largos flor met�lica dorada con centro blanco. Flor met�lica dorada de 6 p�talos con n�cleo blanco";"/imagenes/lote-002/094-pendiente_094-BISU-PEN-004-M01C06P05-01.webp"
"pendiente_095";"BISU-PEN-004-M01C12P05";"pendiente_095";"Pendientes largos flor con cristales rojos y centro tornasol sobre base oscura. Flor con strass rojo en p�talos y centro iridiscen";"PEN";"001";"012";"005";"3";"";"1";"";"disponible";"Pendientes largos flor con cristales rojos y centro tornasol sobre base oscura. Flor con strass rojo en p�talos y centro iridiscen";"/imagenes/lote-002/095-pendiente_095-BISU-PEN-004-M01C12P05-01.webp"
"pendiente_096";"BISU-PEN-004-M01C13P05";"pendiente_096";"Pendientes largos flor calada con cuentas rosa en cascada. Tres cuentas rosa y colgante de flor calada con cabuj�n";"PEN";"001";"013";"005";"3";"";"1";"";"disponible";"Pendientes largos flor calada con cuentas rosa en cascada. Tres cuentas rosa y colgante de flor calada con cabuj�n";"/imagenes/lote-002/096-pendiente_096-BISU-PEN-004-M01C13P05-01.webp"
"pendiente_097";"BISU-PEN-004-M01C06P05";"pendiente_097";"Pendientes largos flor con cristales negros y centro gris sobre base oscura. P�talos con strass negro y centro facetado gris";"PEN";"001";"006";"005";"3";"";"1";"";"disponible";"Pendientes largos flor con cristales negros y centro gris sobre base oscura. P�talos con strass negro y centro facetado gris";"/imagenes/lote-002/097-pendiente_097-BISU-PEN-004-M01C06P05-01.webp"
"pendiente_098";"BISU-PEN-004-M02C01P05";"pendiente_098";"Pendientes de aro disco negro con puntos blancos esmaltados. Disco circular con hueco central y lunares blancos";"PEN";"002";"001";"005";"3";"";"1";"";"disponible";"Pendientes de aro disco negro con puntos blancos esmaltados. Disco circular con hueco central y lunares blancos";"/imagenes/lote-002/098-pendiente_098-BISU-PEN-004-M02C01P05-01.webp"
"pendiente_099";"BISU-PEN-001-M01C06P05";"pendiente_099";"Pendientes de aro disco bicolor blanco y negro con franjas conc�ntricas. Disco con patr�n de franjas conc�ntricas en blanco y negro";"PEN";"001";"006";"005";"3";"";"1";"";"disponible";"Pendientes de aro disco bicolor blanco y negro con franjas conc�ntricas. Disco con patr�n de franjas conc�ntricas en blanco y negro";"/imagenes/lote-002/099-pendiente_099-BISU-PEN-001-M01C06P05-01.webp"
"pendiente_100";"BISU-PEN-004-M02C01P05";"pendiente_100";"Pendientes de aro ancho blanco mate con poste. Medio aro blanco mate, perfil ancho, cierre de poste";"PEN";"002";"001";"005";"3";"";"1";"";"disponible";"Pendientes de aro ancho blanco mate con poste. Medio aro blanco mate, perfil ancho, cierre de poste";"/imagenes/lote-002/100-pendiente_100-BISU-PEN-004-M02C01P05-01.webp"
"pendiente_101";"BISU-PEN-004-M01C11P05";"pendiente_101";"Pendientes de aro ancho plateado con lentejuelas rosa y morado. Medio aro ancho con textura brillante y lentejuelas rosa/morado";"PEN";"001";"011";"005";"3";"";"1";"";"disponible";"Pendientes de aro ancho plateado con lentejuelas rosa y morado. Medio aro ancho con textura brillante y lentejuelas rosa/morado";"/imagenes/lote-002/101-pendiente_101-BISU-PEN-004-M01C11P05-01.webp"
"pendiente_102";"BISU-PEN-004-M01C04P05";"pendiente_102";"Pendientes de aro ancho patr�n geom�trico gris y blanco. Medio aro ancho con dise�o geom�trico bicolor gris/blanco";"PEN";"001";"004";"005";"3";"";"1";"";"disponible";"Pendientes de aro ancho patr�n geom�trico gris y blanco. Medio aro ancho con dise�o geom�trico bicolor gris/blanco";"/imagenes/lote-002/102-pendiente_102-BISU-PEN-004-M01C04P05-01.webp"
"pendiente_103";"BISU-PEN-004-M01C14P05";"pendiente_103";"Pendientes de aro ancho animal print dorado con manchas negras. Medio aro ancho dorado con patr�n tipo leopardo";"PEN";"001";"014";"005";"3";"";"1";"";"disponible";"Pendientes de aro ancho animal print dorado con manchas negras. Medio aro ancho dorado con patr�n tipo leopardo";"/imagenes/lote-002/103-pendiente_103-BISU-PEN-004-M01C14P05-01.webp"
"pendiente_104";"BISU-PEN-004-M01C08P05";"pendiente_104";"Pendientes largos medall�n calado floral negro. Disco calado con flores y borde festoneado negro";"PEN";"001";"008";"005";"3";"";"1";"";"disponible";"Pendientes largos medall�n calado floral negro. Disco calado con flores y borde festoneado negro";"/imagenes/lote-002/104-pendiente_104-BISU-PEN-004-M01C08P05-01.webp"
"pendiente_105";"BISU-PEN-004-M01C13P05";"pendiente_105";"Pendientes de aro ancho dorado textura grabada con pasador. Medio aro dorado ancho con textura grabada y cierre pasador";"PEN";"001";"013";"005";"3";"";"1";"";"disponible";"Pendientes de aro ancho dorado textura grabada con pasador. Medio aro dorado ancho con textura grabada y cierre pasador";"/imagenes/lote-002/105-pendiente_105-BISU-PEN-004-M01C13P05-01.webp"
"pendiente_106";"BISU-PEN-004-M01C09P05";"pendiente_106";"Pendientes de aro ancho esmaltado verde. Medio aro verde, perfil ancho, di�metro mediano, cierre de poste";"PEN";"001";"009";"005";"3";"";"1";"";"disponible";"Pendientes de aro ancho esmaltado verde. Medio aro verde, perfil ancho, di�metro mediano, cierre de poste";"/imagenes/lote-002/106-pendiente_106-BISU-PEN-004-M01C09P05-01.webp"
"pendiente_107";"BISU-PEN-004-M02C01P05";"pendiente_107";"Pendientes de aro ancho esmaltado naranja. Medio aro naranja, perfil ancho, di�metro mediano, cierre de poste";"PEN";"002";"001";"005";"3";"";"1";"";"disponible";"Pendientes de aro ancho esmaltado naranja. Medio aro naranja, perfil ancho, di�metro mediano, cierre de poste";"/imagenes/lote-002/107-pendiente_107-BISU-PEN-004-M02C01P05-01.webp"
"pendiente_108";"BISU-PEN-004-M02C01P05";"pendiente_108";"Pendientes de aro ancho esmaltado violeta. Medio aro violeta, perfil ancho, di�metro mediano, cierre de poste";"PEN";"002";"001";"005";"3";"";"1";"";"disponible";"Pendientes de aro ancho esmaltado violeta. Medio aro violeta, perfil ancho, di�metro mediano, cierre de poste";"/imagenes/lote-002/108-pendiente_108-BISU-PEN-004-M02C01P05-01.webp"
"pendiente_109";"BISU-PEN-004-M02C01P02";"pendiente_109";"Pendientes de aro ancho esmaltado amarillo. Medio aro amarillo, perfil ancho, di�metro mediano, cierre de poste";"PEN";"002";"001";"002";"3";"";"1";"";"disponible";"Pendientes de aro ancho esmaltado amarillo. Medio aro amarillo, perfil ancho, di�metro mediano, cierre de poste";"/imagenes/lote-002/109-pendiente_109-BISU-PEN-004-M02C01P02-01.webp"
"pendiente_110";"BISU-PEN-004-M02C01P05";"pendiente_110";"Pendientes de aro ancho esmaltado fucsia. Medio aro fucsia, perfil ancho, di�metro mediano, cierre de poste";"PEN";"002";"001";"005";"3";"";"1";"";"disponible";"Pendientes de aro ancho esmaltado fucsia. Medio aro fucsia, perfil ancho, di�metro mediano, cierre de poste";"/imagenes/lote-002/110-pendiente_110-BISU-PEN-004-M02C01P05-01.webp"
"pendiente_111";"BISU-PEN-004-M02C01P05";"pendiente_111";"Pendientes de aro ancho esmaltado azul. Medio aro azul, perfil ancho, di�metro mediano, cierre de poste";"PEN";"002";"001";"005";"3";"";"1";"";"disponible";"Pendientes de aro ancho esmaltado azul. Medio aro azul, perfil ancho, di�metro mediano, cierre de poste";"/imagenes/lote-002/111-pendiente_111-BISU-PEN-004-M02C01P05-01.webp"
"pendiente_112";"BISU-PEN-004-M02C01P05";"pendiente_112";"APendientes de aro bamb� dorado relieve segmentado (modelo A). Aro dorado grueso con tramos acanalados estilo bamb�, cierre pasador";"PEN";"002";"001";"005";"3";"";"1";"";"disponible";"APendientes de aro bamb� dorado relieve segmentado (modelo A). Aro dorado grueso con tramos acanalados estilo bamb�, cierre pasador";"/imagenes/lote-002/112-pendiente_112-BISU-PEN-004-M02C01P05-01.webp"
"pendiente_113";"BISU-PEN-004-M02C01P05";"pendiente_113";"Pendientes de aro bamb� dorado relieve alternado (modelo B).  Aro dorado grueso con segmentos alternos estilo bamb�, cierre pasador";"PEN";"002";"001";"005";"3";"";"1";"";"disponible";"Pendientes de aro bamb� dorado relieve alternado (modelo B).  Aro dorado grueso con segmentos alternos estilo bamb�, cierre pasador";"/imagenes/lote-002/113-pendiente_113-BISU-PEN-004-M02C01P05-01.webp"
"pendiente_114";"BISU-PEN-004-M02C01P05";"pendiente_114";"Pendientes de aro dorado con strass transparente perimetral.  Aro dorado con piedras transparentes engastadas alrededor";"PEN";"002";"001";"005";"3";"";"1";"";"disponible";"Pendientes de aro dorado con strass transparente perimetral.  Aro dorado con piedras transparentes engastadas alrededor";"/imagenes/lote-002/114-pendiente_114-BISU-PEN-004-M02C01P05-01.webp"
"pendiente_115";"BISU-PEN-004-M02C09P05";"pendiente_115";"Pendientes de aro dorado fino con broche articulado.  Aro delgado dorado, secci�n plana, cierre de bisagra";"PEN";"002";"009";"005";"3";"";"1";"";"disponible";"Pendientes de aro dorado fino con broche articulado.  Aro delgado dorado, secci�n plana, cierre de bisagra";"/imagenes/lote-002/115-pendiente_115-BISU-PEN-004-M02C09P05-01.webp"
"pendiente_116";"BISU-PEN-004-M01C02P05";"pendiente_116";"Pendientes de aro dorado fino secci�n redonda con broche articulado.  Aro dorado de alambre secci�n redonda, gran di�metro, cierre de bisagra";"PEN";"001";"002";"005";"3";"";"1";"";"disponible";"Pendientes de aro dorado fino secci�n redonda con broche articulado.  Aro dorado de alambre secci�n redonda, gran di�metro, cierre de bisagra";"/imagenes/lote-002/116-pendiente_116-BISU-PEN-004-M01C02P05-01.webp"
"pendiente_117";"BISU-PEN-004-M02C01P05";"pendiente_117";"Pendientes de aro dorado plano mediano con broche articulado.  Aro dorado secci�n plana, di�metro mediano, cierre de bisagra";"PEN";"002";"001";"005";"3";"";"1";"";"disponible";"Pendientes de aro dorado plano mediano con broche articulado.  Aro dorado secci�n plana, di�metro mediano, cierre de bisagra";"/imagenes/lote-002/117-pendiente_117-BISU-PEN-004-M02C01P05-01.webp"
"pendiente_118";"BISU-PEN-004-M01C02P05";"pendiente_118";"Pendientes de aro dorado fino peque�o con broche articulado.  Aro dorado delgado, di�metro peque�o, cierre de bisagra";"PEN";"001";"002";"005";"3";"";"1";"";"disponible";"Pendientes de aro dorado fino peque�o con broche articulado.  Aro dorado delgado, di�metro peque�o, cierre de bisagra";"/imagenes/lote-002/118-pendiente_118-BISU-PEN-004-M01C02P05-01.webp"
"pendiente_119";"BISU-PEN-004-M01C02P05";"pendiente_119";"Pendientes de aro dorado facetado martillado con poste.  Aro dorado con caras martilladas, fijaci�n de poste y tuerca";"PEN";"001";"002";"005";"3";"";"1";"";"disponible";"Pendientes de aro dorado facetado martillado con poste.  Aro dorado con caras martilladas, fijaci�n de poste y tuerca";"/imagenes/lote-002/119-pendiente_119-BISU-PEN-004-M01C02P05-01.webp"
"pendiente_120";"BISU-PEN-004-M01C02P05";"pendiente_120";"Pendientes de aro dorado ancho con franja esmaltada celeste.  Aro dorado ancho con banda central esmaltada celeste, cierre de bisagra";"PEN";"001";"002";"005";"3";"";"1";"";"disponible";"Pendientes de aro dorado ancho con franja esmaltada celeste.  Aro dorado ancho con banda central esmaltada celeste, cierre de bisagra";"/imagenes/lote-002/120-pendiente_120-BISU-PEN-004-M01C02P05-01.webp"
"pendiente_121";"BISU-PEN-004-M01C04P05";"pendiente_121";"Pendientes de aro plateado fino con broche articulado.  Aro plateado delgado, secci�n redonda, cierre de bisagra superior";"PEN";"001";"004";"005";"3";"";"1";"";"disponible";"Pendientes de aro plateado fino con broche articulado.  Aro plateado delgado, secci�n redonda, cierre de bisagra superior";"/imagenes/lote-002/121-pendiente_121-BISU-PEN-004-M01C04P05-01.webp"
"pendiente_122";"BISU-PEN-001-M01C02P05";"pendiente_122";"Pendientes de aro dorado grueso con poste.  Aro dorado de tubo grueso, cierre de poste y tuerca";"PEN";"001";"002";"005";"3";"";"1";"";"disponible";"Pendientes de aro dorado grueso con poste.  Aro dorado de tubo grueso, cierre de poste y tuerca";"/imagenes/lote-002/122-pendiente_122-BISU-PEN-001-M01C02P05-01.webp"
"pendiente_123";"BISU-PEN-001-M01C02P05";"pendiente_123";"Pendientes de aro plateado plano mediano con broche articulado.  Aro plateado secci�n plana, di�metro mediano, cierre de bisagra";"PEN";"001";"002";"005";"3";"";"1";"";"disponible";"Pendientes de aro plateado plano mediano con broche articulado.  Aro plateado secci�n plana, di�metro mediano, cierre de bisagra";"/imagenes/lote-002/123-pendiente_123-BISU-PEN-001-M01C02P05-01.webp"
"pendiente_124";"BISU-PEN-001-M01C06P05";"pendiente_124";"Pendientes de aro plateado peque�o con broche articulado.  Aro plateado de peque�o di�metro, cierre de bisagra";"PEN";"001";"006";"005";"3";"";"1";"";"disponible";"Pendientes de aro plateado peque�o con broche articulado.  Aro plateado de peque�o di�metro, cierre de bisagra";"/imagenes/lote-002/124-pendiente_124-BISU-PEN-001-M01C06P05-01.webp"
"pendiente_125";"BISU-PEN-001-M01C02P05";"pendiente_125";"Pendientes de aro plateado peque�o con broche articulado largo.  Aro plateado peque�o, broche articulado con palanca alargada";"PEN";"001";"002";"005";"3";"";"1";"";"disponible";"Pendientes de aro plateado peque�o con broche articulado largo.  Aro plateado peque�o, broche articulado con palanca alargada";"/imagenes/lote-002/125-pendiente_125-BISU-PEN-001-M01C02P05-01.webp"
"pendiente_126";"BISU-PEN-001-M01C06P05";"pendiente_126";"Pendientes de aro negro delgado con esfera plateada decorativa.  Aro negro fino con esfera plateada facetada";"PEN";"001";"006";"005";"3";"";"1";"";"disponible";"Pendientes de aro negro delgado con esfera plateada decorativa.  Aro negro fino con esfera plateada facetada";"/imagenes/lote-002/126-pendiente_126-BISU-PEN-001-M01C06P05-01.webp"
"pendiente_127";"BISU-PEN-001-M01C02P05";"pendiente_127";"Pendientes disco plateado martillado con cuentas colgantes. Disco texturizado martillado con cinco cuentas met�licas";"PEN";"001";"002";"005";"3";"";"1";"";"disponible";"Pendientes disco plateado martillado con cuentas colgantes. Disco texturizado martillado con cinco cuentas met�licas";"/imagenes/lote-002/127-pendiente_127-BISU-PEN-001-M01C02P05-01.webp"
"pendiente_128";"BISU-PEN-001-M01C09P05";"pendiente_128";"Pendientes disco plateado con incrustaciones cuadradas gris�ceas. Disco plateado con tres incrustaciones cuadradas esmaltadas tono gris";"PEN";"001";"009";"005";"3";"";"1";"";"disponible";"Pendientes disco plateado con incrustaciones cuadradas gris�ceas. Disco plateado con tres incrustaciones cuadradas esmaltadas tono gris";"/imagenes/lote-002/128-pendiente_128-BISU-PEN-001-M01C09P05-01.webp"
"pendiente_129";"BISU-PEN-001-M01C02P05";"pendiente_129";"Pendientes disco plateado con lunares esmaltados azules y morados. Disco con patr�n de puntos esmaltados en gama azul/morado";"PEN";"001";"002";"005";"3";"";"1";"";"disponible";"Pendientes disco plateado con lunares esmaltados azules y morados. Disco con patr�n de puntos esmaltados en gama azul/morado";"/imagenes/lote-002/129-pendiente_129-BISU-PEN-001-M01C02P05-01.webp"
"pendiente_130";"BISU-PEN-001-M01C09P05";"pendiente_130";"Pendientes disco plateado con relieve geom�trico piramidal. Disco con relieve de pir�mides cuadradas repetidas";"PEN";"001";"009";"005";"3";"";"1";"";"disponible";"Pendientes disco plateado con relieve geom�trico piramidal. Disco con relieve de pir�mides cuadradas repetidas";"/imagenes/lote-002/130-pendiente_130-BISU-PEN-001-M01C09P05-01.webp"
"pendiente_131";"BISU-PEN-001-M01C06P06";"pendiente_131";"Pendientes disco plateado relieve piramidal con l�neas negras. Disco con relieve de pir�mides y canaletas pintadas en negro";"PEN";"001";"006";"006";"3";"";"1";"";"disponible";"Pendientes disco plateado relieve piramidal con l�neas negras. Disco con relieve de pir�mides y canaletas pintadas en negro";"/imagenes/lote-002/131-pendiente_131-BISU-PEN-001-M01C06P06-01.webp"
"pendiente_132";"BISU-PEN-001-M01C06P06";"pendiente_132";"Pendientes disco plateado relieve piramidal liso. Disco plateado con relieve de pir�mides sin pintura";"PEN";"001";"006";"006";"3";"";"1";"";"disponible";"Pendientes disco plateado relieve piramidal liso. Disco plateado con relieve de pir�mides sin pintura";"/imagenes/lote-002/132-pendiente_132-BISU-PEN-001-M01C06P06-01.webp"
"pendiente_133";"BISU-PEN-001-M05C06P05";"pendiente_133";"Pendientes disco plateado relieve piramidal con l�neas celestes. Disco con relieve de pir�mides y canaletas esmaltadas color celeste";"PEN";"005";"006";"005";"3";"";"1";"";"disponible";"Pendientes disco plateado relieve piramidal con l�neas celestes. Disco con relieve de pir�mides y canaletas esmaltadas color celeste";"/imagenes/lote-002/133-pendiente_133-BISU-PEN-001-M05C06P05-01.webp"
"pendiente_134";"BISU-PEN-001-M02C01P05";"pendiente_134";"Pendientes disco plateado con cristal central. Disco plateado con c�pula y strass transparente en el centro";"PEN";"002";"001";"005";"3";"";"1";"";"disponible";"Pendientes disco plateado con cristal central. Disco plateado con c�pula y strass transparente en el centro";"/imagenes/lote-002/134-pendiente_134-BISU-PEN-001-M02C01P05-01.webp"
"pendiente_135";"BISU-PEN-001-M01C02P05";"pendiente_135";"Pendientes disco plateado calado con esmalte azul y dijes. Disco calado con motivo floral esmaltado azul y seis dijes redondos";"PEN";"001";"002";"005";"3";"";"1";"";"disponible";"Pendientes disco plateado calado con esmalte azul y dijes. Disco calado con motivo floral esmaltado azul y seis dijes redondos";"/imagenes/lote-002/135-pendiente_135-BISU-PEN-001-M01C02P05-01.webp"
"pendiente_136";"BISU-PEN-001-M01C09P02";"pendiente_136";"Pendientes disco plateado esmaltado multicolor (azul, verde, naranja). Disco segmentado con esmalte azul/verde/naranja y borde plateado";"PEN";"001";"009";"002";"3";"";"1";"";"disponible";"Pendientes disco plateado esmaltado multicolor (azul, verde, naranja). Disco segmentado con esmalte azul/verde/naranja y borde plateado";"/imagenes/lote-002/136-pendiente_136-BISU-PEN-001-M01C09P02-01.webp"
"pendiente_137";"BISU-PEN-001-M01C04P02";"pendiente_137";"Pendientes disco plateado con relieve floral y esmalte tricolor. Disco con patr�n floral en relieve y �reas esmaltadas rojo/negro/blanco";"PEN";"001";"004";"002";"3";"";"1";"";"disponible";"Pendientes disco plateado con relieve floral y esmalte tricolor. Disco con patr�n floral en relieve y �reas esmaltadas rojo/negro/blanco";"/imagenes/lote-002/137-pendiente_137-BISU-PEN-001-M01C04P02-01.webp"
"pendiente_138";"BISU-PEN-001-M01C13P02";"pendiente_138";"Pendientes largos con cuentas de resina celeste y detalle verde. Colgante de tres cuentas celestes con microcuenta verde y eslabones met�licos";"PEN";"001";"013";"002";"3";"";"1";"";"disponible";"Pendientes largos con cuentas de resina celeste y detalle verde. Colgante de tres cuentas celestes con microcuenta verde y eslabones met�licos";"/imagenes/lote-002/138-pendiente_138-BISU-PEN-001-M01C13P02-01.webp"
"pendiente_139";"BISU-PEN-001-M05C04P05";"pendiente_139";"Pendientes largos dorados con aro de cuentas y flecos textiles. Top redondo y aro con cuentas doradas y flecos color arena";"PEN";"005";"004";"005";"3";"";"1";"";"disponible";"Pendientes largos dorados con aro de cuentas y flecos textiles. Top redondo y aro con cuentas doradas y flecos color arena";"/imagenes/lote-002/139-pendiente_139-BISU-PEN-001-M05C04P05-01.webp"
"pendiente_140";"BISU-PEN-001-M01C02P05";"pendiente_140";"Pendientes estrella plateada martillada. Dije en forma de estrella con textura martillada";"PEN";"001";"002";"005";"3";"";"1";"";"disponible";"Pendientes estrella plateada martillada. Dije en forma de estrella con textura martillada";"/imagenes/lote-002/140-pendiente_140-BISU-PEN-001-M01C02P05-01.webp"
"pendiente_141";"BISU-PEN-001-M01C06P02";"pendiente_141";"Pendientes largos cascada de medias lunas plateadas con gota celeste. Cuatro segmentos tipo media luna enlazados y l�grima de cristal celest";"PEN";"001";"006";"002";"3";"";"1";"";"disponible";"Pendientes largos cascada de medias lunas plateadas con gota celeste. Cuatro segmentos tipo media luna enlazados y l�grima de cristal celest";"/imagenes/lote-002/141-pendiente_141-BISU-PEN-001-M01C06P02-01.webp"
"pendiente_142";"BISU-PEN-001-M01C02P05";"pendiente_142";"Pendientes largos arco delgado negro con cristales transparentes en extremos. Estructura curva delgada color negro con dos strass tr";"PEN";"001";"002";"005";"3";"";"1";"";"disponible";"Pendientes largos arco delgado negro con cristales transparentes en extremos. Estructura curva delgada color negro con dos strass tr";"/imagenes/lote-002/142-pendiente_142-BISU-PEN-001-M01C02P05-01.webp"
"pendiente_143";"BISU-PEN-001-M01C06P05";"pendiente_143";"Pendientes largos arco delgado negro con cristales magenta en extremos. Estructura curva delgada color negro con dos strass magenta";"PEN";"001";"006";"005";"3";"";"1";"";"disponible";"Pendientes largos arco delgado negro con cristales magenta en extremos. Estructura curva delgada color negro con dos strass magenta";"/imagenes/lote-002/143-pendiente_143-BISU-PEN-001-M01C06P05-01.webp"
"pendiente_144";"BISU-PEN-001-M05C06P05";"pendiente_144";"Pendientes largos marquesa doble negra con �valo y dijes de resina facetada. Marco alargado tipo marquesa doble con �valo central y d";"PEN";"005";"006";"005";"3";"";"1";"";"disponible";"Pendientes largos marquesa doble negra con �valo y dijes de resina facetada. Marco alargado tipo marquesa doble con �valo central y d";"/imagenes/lote-002/144-pendiente_144-BISU-PEN-001-M05C06P05-01.webp"
"pendiente_145";"BISU-PEN-001-M05C06P05";"pendiente_145";"Pendientes largos calado abstracto torsionado acabado plateado. Silueta alargada calada con torsi�n en el cuerpo";"PEN";"005";"006";"005";"3";"";"1";"";"disponible";"Pendientes largos calado abstracto torsionado acabado plateado. Silueta alargada calada con torsi�n en el cuerpo";"/imagenes/lote-002/145-pendiente_145-BISU-PEN-001-M05C06P05-01.webp"
"pendiente_146";"BISU-PEN-001-M01C04P02";"pendiente_146";"Arete ear cuff plateado con estrellas y strass hematita. Pieza tipo ear cuff con tres estrellas y pav� oscuro";"PEN";"001";"004";"002";"3";"";"1";"";"disponible";"Arete ear cuff plateado con estrellas y strass hematita. Pieza tipo ear cuff con tres estrellas y pav� oscuro";"/imagenes/lote-002/146-pendiente_146-BISU-PEN-001-M01C04P02-01.webp"
"pendiente_147";"BISU-PEN-001-M02C13P02";"pendiente_147";"Pendientes largos filigrana geom�trica con dijes alargados plateados. Marco calado geom�trico con siete colgantes alargados";"PEN";"002";"013";"002";"3";"";"1";"";"disponible";"Pendientes largos filigrana geom�trica con dijes alargados plateados. Marco calado geom�trico con siete colgantes alargados";"/imagenes/lote-002/147-pendiente_147-BISU-PEN-001-M02C13P02-01.webp"
"pendiente_148";"BISU-PEN-001-M01C11P02";"pendiente_148";"Pendientes largos medialuna calada con cascada de cuentas negras y rojas. Semic�rculo calado con cadenas y cuentas facetadas negras/roja";"PEN";"001";"011";"002";"3";"";"1";"";"disponible";"Pendientes largos medialuna calada con cascada de cuentas negras y rojas. Semic�rculo calado con cadenas y cuentas facetadas negras/roja";"/imagenes/lote-002/148-pendiente_148-BISU-PEN-001-M01C11P02-01.webp"
"pendiente_149";"BISU-PEN-001-M05C09P05";"pendiente_149";"Pendientes largos filigrana triangular con hileras de cuentas negras y transparentes. Top triangular calado y cinco tiras de";"PEN";"005";"009";"005";"3";"";"1";"";"disponible";"Pendientes largos filigrana triangular con hileras de cuentas negras y transparentes. Top triangular calado y cinco tiras de";"/imagenes/lote-002/149-pendiente_149-BISU-PEN-001-M05C09P05-01.webp"
"pendiente_150";"BISU-PEN-001-M01C04P02";"pendiente_150";"Pendientes largos resina negra con aro plateado y disco negro. Gota facetada de resina negra, aro met�lico plateado y disco negro";"PEN";"001";"004";"002";"3";"";"1";"";"disponible";"Pendientes largos resina negra con aro plateado y disco negro. Gota facetada de resina negra, aro met�lico plateado y disco negro";"/imagenes/lote-002/150-pendiente_150-BISU-PEN-001-M01C04P02-01.webp"
"pendiente_151";"BISU-PEN-001-M01C11P02";"pendiente_151";"Pendientes largos doble hilera de strass negro en riel plateado. Dos columnas de cristales negros engastados sobre riel met�lico";"PEN";"001";"011";"002";"3";"";"1";"";"disponible";"Pendientes largos doble hilera de strass negro en riel plateado. Dos columnas de cristales negros engastados sobre riel met�lico";"/imagenes/lote-002/151-pendiente_151-BISU-PEN-001-M01C11P02-01.webp"
"pendiente_152";"BISU-PEN-001-M05C12P05";"pendiente_152";"Pendientes largos aros concatenados dorados con colgantes de strass magenta. Estructura de aros conc�ntricos con varios dijes de cris";"PEN";"005";"012";"005";"3";"";"1";"";"disponible";"Pendientes largos aros concatenados dorados con colgantes de strass magenta. Estructura de aros conc�ntricos con varios dijes de cris";"/imagenes/lote-002/152-pendiente_152-BISU-PEN-001-M05C12P05-01.webp"
"pendiente_153";"BISU-PEN-001-M01C13P02";"pendiente_153";"Pendientes largos filigrana triangular oscura con cascada de cuentas verde. Marco calado triangular tono oscuro con hileras de cuentas";"PEN";"001";"013";"002";"3";"";"1";"";"disponible";"Pendientes largos filigrana triangular oscura con cascada de cuentas verde. Marco calado triangular tono oscuro con hileras de cuentas";"/imagenes/lote-002/153-pendiente_153-BISU-PEN-001-M01C13P02-01.webp"
"pendiente_154";"BISU-PEN-001-M05C06P05";"pendiente_154";"Pendientes largos concha natural pintada azul tipo abanico. Concha marina amplia pintada en azul con gancho pescador";"PEN";"005";"006";"005";"3";"";"1";"";"disponible";"Pendientes largos concha natural pintada azul tipo abanico. Concha marina amplia pintada en azul con gancho pescador";"/imagenes/lote-002/154-pendiente_154-BISU-PEN-001-M05C06P05-01.webp"
"pendiente_155";"BISU-PEN-001-M01C04P02";"pendiente_155";"Pendientes largos cadenas plateadas con estrellas y strass negro. Dos cadenas con dijes de estrellas y cabuchones negros";"PEN";"001";"004";"002";"3";"";"1";"";"disponible";"Pendientes largos cadenas plateadas con estrellas y strass negro. Dos cadenas con dijes de estrellas y cabuchones negros";"/imagenes/lote-002/155-pendiente_155-BISU-PEN-001-M01C04P02-01.webp"
"pendiente_156";"BISU-PEN-001-M01C04P02";"pendiente_156";"Pendientes largos filigrana ornamental oscura con tres cadenas y cuentas verdes. Top ornamental con strass verde y tres cadenas c";"PEN";"001";"004";"002";"3";"";"1";"";"disponible";"Pendientes largos filigrana ornamental oscura con tres cadenas y cuentas verdes. Top ornamental con strass verde y tres cadenas c";"/imagenes/lote-002/156-pendiente_156-BISU-PEN-001-M01C04P02-01.webp"
"pendiente_157";"BISU-PEN-001-M01C02P05";"pendiente_157";"Pendientes largos resina violeta facetada grande sin piedras. Cuent�n de resina violeta facetada con terminal met�lica";"PEN";"001";"002";"005";"3";"";"1";"";"disponible";"Pendientes largos resina violeta facetada grande sin piedras. Cuent�n de resina violeta facetada con terminal met�lica";"/imagenes/lote-002/157-pendiente_157-BISU-PEN-001-M01C02P05-01.webp"
"pendiente_158";"BISU-PEN-001-M02C10P02";"pendiente_158";"Pendientes largos filigrana ornamental oscura con cadenas y cuentas transparentes/magenta. Top con strass magenta y tre";"PEN";"002";"010";"002";"3";"";"1";"";"disponible";"Pendientes largos filigrana ornamental oscura con cadenas y cuentas transparentes/magenta. Top con strass magenta y tre";"/imagenes/lote-002/158-pendiente_158-BISU-PEN-001-M02C10P02-01.webp"
"pendiente_159";"BISU-PEN-001-M01C02P02";"pendiente_159";"Pendientes largos calado circular con cascada de cuentas multicolor y dijes tipo semilla. Marco circular calado con m�lt";"PEN";"001";"002";"002";"3";"";"1";"";"disponible";"Pendientes largos calado circular con cascada de cuentas multicolor y dijes tipo semilla. Marco circular calado con m�lt";"/imagenes/lote-002/159-pendiente_159-BISU-PEN-001-M01C02P02-01.webp"
"pendiente_160";"BISU-PEN-001-M01C11P02";"pendiente_160";"Pendientes largos calado ornamental con pav� y cristales negros. Marco ornamental con marquesa central y pav� de strass negro";"PEN";"001";"011";"002";"3";"";"1";"";"disponible";"Pendientes largos calado ornamental con pav� y cristales negros. Marco ornamental con marquesa central y pav� de strass negro";"/imagenes/lote-002/160-pendiente_160-BISU-PEN-001-M01C11P02-01.webp"
"pendiente_161";"BISU-PEN-001-M01C13P05";"pendiente_161";"Pendientes largos ornamento plateado oscuro con tres dijes facetados negros. Top met�lico ornamental tono plateado oscuro con tres co";"PEN";"001";"013";"005";"3";"";"1";"";"disponible";"Pendientes largos ornamento plateado oscuro con tres dijes facetados negros. Top met�lico ornamental tono plateado oscuro con tres co";"/imagenes/lote-003/161-pendiente_161-BISU-PEN-001-M01C13P05-01.webp"
"pendiente_162";"BISU-PEN-001-M01C09P05";"pendiente_162";"Pendientes largos cascada de rombos plateados texturizados (sin piedras). Placas romboidales plateadas con textura en cascada";"PEN";"001";"009";"005";"3";"";"1";"";"disponible";"Pendientes largos cascada de rombos plateados texturizados (sin piedras). Placas romboidales plateadas con textura en cascada";"/imagenes/lote-003/162-pendiente_162-BISU-PEN-001-M01C09P05-01.webp"
"pendiente_163";"BISU-PEN-001-M01C02P01";"pendiente_163";"Pendientes chandelier aro dorado con cristales rojos.  Aro dorado con estructura tipo chandelier y m�ltiples dijes de strass rojo";"PEN";"001";"002";"001";"3";"";"1";"";"disponible";"Pendientes chandelier aro dorado con cristales rojos.  Aro dorado con estructura tipo chandelier y m�ltiples dijes de strass rojo";"/imagenes/lote-003/163-pendiente_163-BISU-PEN-001-M01C02P01-01.webp"
"pendiente_164";"BISU-PEN-001-M01C06P01";"pendiente_164";"Pendientes largos cascada de aros plateados con cristales transparentes. Varios aros conc�ntricos plateados con colgantes de cuentas/stra";"PEN";"001";"006";"001";"3";"";"1";"";"disponible";"Pendientes largos cascada de aros plateados con cristales transparentes. Varios aros conc�ntricos plateados con colgantes de cuentas/stra";"/imagenes/lote-003/164-pendiente_164-BISU-PEN-001-M01C06P01-01.webp"
"pendiente_165";"BISU-PEN-001-M01C02P01";"pendiente_165";"Pendientes largos ornamento oscuro con cristal verde central y cuentas transparentes. Centro de cristal verde con tres colga";"PEN";"001";"002";"001";"3";"";"1";"";"disponible";"Pendientes largos ornamento oscuro con cristal verde central y cuentas transparentes. Centro de cristal verde con tres colga";"/imagenes/lote-003/165-pendiente_165-BISU-PEN-001-M01C02P01-01.webp"
"pendiente_166";"BISU-PEN-001-M01C02P01";"pendiente_166";"Pendientes largos cadenas y dijes multicolor con gotas magenta. Varios colgantes: cuentas moradas/madera/discos nacarados y gotas facetas magenta";"PEN";"001";"002";"001";"3";"";"1";"";"disponible";"Pendientes largos cadenas y dijes multicolor con gotas magenta. Varios colgantes: cuentas moradas/madera/discos nacarados y gotas facetas magenta";"/imagenes/lote-003/166-pendiente_166-BISU-PEN-001-M01C02P01-01.webp"
"pendiente_167";"BISU-PEN-001-M05C01P01";"pendiente_167";"Pendientes largos calado circular plateado con cascada de cuentas celeste. Marco circular calado con m�ltiples tiras de cuentas celeste";"PEN";"005";"001";"001";"3";"";"1";"";"disponible";"Pendientes largos calado circular plateado con cascada de cuentas celeste. Marco circular calado con m�ltiples tiras de cuentas celeste";"/imagenes/lote-003/167-pendiente_167-BISU-PEN-001-M05C01P01-01.webp"
"pendiente_168";"BISU-PEN-001-M05C01P01";"pendiente_168";"Pendientes bot�n esfera plateada peque�a (poste). Esfera met�lica plateada peque�a con cierre de poste";"PEN";"005";"001";"001";"3";"";"1";"";"disponible";"Pendientes bot�n esfera plateada peque�a (poste). Esfera met�lica plateada peque�a con cierre de poste";"/imagenes/lote-003/168-pendiente_168-BISU-PEN-001-M05C01P01-01.webp"
"pendiente_169";"BISU-PEN-001-M01C01P01";"pendiente_169";"Pendientes bot�n esfera hematita peque�a (poste). Esfera met�lica tono hematita peque�a con cierre de poste";"PEN";"001";"001";"001";"3";"";"1";"";"disponible";"Pendientes bot�n esfera hematita peque�a (poste). Esfera met�lica tono hematita peque�a con cierre de poste";"/imagenes/lote-003/169-pendiente_169-BISU-PEN-001-M01C01P01-01.webp"
"pendiente_170";"BISU-PEN-001-M01C09P01";"pendiente_170";"Pendientes bot�n esfera plateada mate peque�a (poste). Esfera met�lica plateada acabado mate, tama�o peque�o";"PEN";"001";"009";"001";"3";"";"1";"";"disponible";"Pendientes bot�n esfera plateada mate peque�a (poste). Esfera met�lica plateada acabado mate, tama�o peque�o";"/imagenes/lote-003/170-pendiente_170-BISU-PEN-001-M01C09P01-01.webp"
"pendiente_171";"BISU-PEN-001-M01C10P01";"pendiente_171";"Pendientes bot�n esfera plateada brillante peque�a (poste). Esfera met�lica plateada pulida con alto brillo, tama�o peque�o";"PEN";"001";"010";"001";"3";"";"1";"";"disponible";"Pendientes bot�n esfera plateada brillante peque�a (poste). Esfera met�lica plateada pulida con alto brillo, tama�o peque�o";"/imagenes/lote-003/171-pendiente_171-BISU-PEN-001-M01C10P01-01.webp"
"pendiente_172";"BISU-PEN-001-M01C01P01";"pendiente_172";"Pendientes bot�n perla blanca peque�a (poste). Esfera tipo perla blanca de resina, tama�o peque�o";"PEN";"001";"001";"001";"3";"";"1";"";"disponible";"Pendientes bot�n perla blanca peque�a (poste). Esfera tipo perla blanca de resina, tama�o peque�o";"/imagenes/lote-003/172-pendiente_172-BISU-PEN-001-M01C01P01-01.webp"
"pendiente_173";"BISU-PEN-001-M05C01P01";"pendiente_173";"Pendientes bot�n perla blanca satinada peque�a (poste). Esfera tipo perla blanca acabado satinado, tama�o peque�o";"PEN";"005";"001";"001";"3";"";"1";"";"disponible";"Pendientes bot�n perla blanca satinada peque�a (poste). Esfera tipo perla blanca acabado satinado, tama�o peque�o";"/imagenes/lote-003/173-pendiente_173-BISU-PEN-001-M05C01P01-01.webp"
"pendiente_174";"BISU-PEN-001-M01C13P01";"pendiente_174";"Pendientes bot�n strass transparente en garra (poste). Cristal transparente engastado en garra met�lica plateada";"PEN";"001";"013";"001";"3";"";"1";"";"disponible";"Pendientes bot�n strass transparente en garra (poste). Cristal transparente engastado en garra met�lica plateada";"/imagenes/lote-003/174-pendiente_174-BISU-PEN-001-M01C13P01-01.webp"
"pendiente_175";"BISU-PEN-001-M01C01P02";"pendiente_175";"Pendientes bot�n strass azul en garra alta (poste). Cristal azul engastado en garra alta met�lica plateada";"PEN";"001";"001";"002";"3";"";"1";"";"disponible";"Pendientes bot�n strass azul en garra alta (poste). Cristal azul engastado en garra alta met�lica plateada";"/imagenes/lote-003/175-pendiente_175-BISU-PEN-001-M01C01P02-01.webp"
"pendiente_176";"BISU-PEN-001-M01C02P05";"pendiente_176";"Pendientes bot�n strass rojo en garra (poste). Cristal rojo engastado en garra met�lica plateada";"PEN";"001";"002";"005";"3";"";"1";"";"disponible";"Pendientes bot�n strass rojo en garra (poste). Cristal rojo engastado en garra met�lica plateada";"/imagenes/lote-003/176-pendiente_176-BISU-PEN-001-M01C02P05-01.webp"
"pendiente_177";"BISU-PEN-001-M01C02P05";"pendiente_177";"Pendientes bot�n cabuch�n transparente en bisel texturizado (poste). Cabuch�n transparente montado en bisel texturizado plateado";"PEN";"001";"002";"005";"3";"";"1";"";"disponible";"Pendientes bot�n cabuch�n transparente en bisel texturizado (poste). Cabuch�n transparente montado en bisel texturizado plateado";"/imagenes/lote-003/177-pendiente_177-BISU-PEN-001-M01C02P05-01.webp"
"pendiente_178";"BISU-PEN-001-M01C13P05";"pendiente_178";"Pendientes bot�n perla blanca grande con doble strass (poste). Perla blanca grande con dos strass transparentes superiores";"PEN";"001";"013";"005";"3";"";"1";"";"disponible";"Pendientes bot�n perla blanca grande con doble strass (poste). Perla blanca grande con dos strass transparentes superiores";"/imagenes/lote-003/178-pendiente_178-BISU-PEN-001-M01C13P05-01.webp"
"pendiente_179";"BISU-PEN-001-M01C04P05";"pendiente_179";"Pendientes bot�n cabuch�n marquesa rosa con detalles (poste). Cabuch�n forma marquesa color rosa con tres detalles esf�ricos";"PEN";"001";"004";"005";"3";"";"1";"";"disponible";"Pendientes bot�n cabuch�n marquesa rosa con detalles (poste). Cabuch�n forma marquesa color rosa con tres detalles esf�ricos";"/imagenes/lote-003/179-pendiente_179-BISU-PEN-001-M01C04P05-01.webp"
"pendiente_180";"BISU-PEN-001-M05C04P05";"pendiente_180";"Pendientes largos doble l�grima con strass transparente. Estructura plateada con hileras de strass formando doble l�grima";"PEN";"005";"004";"005";"3";"";"1";"";"disponible";"Pendientes largos doble l�grima con strass transparente. Estructura plateada con hileras de strass formando doble l�grima";"/imagenes/lote-003/180-pendiente_180-BISU-PEN-001-M05C04P05-01.webp"
"pendiente_181";"BISU-PEN-001-M02C01P02";"pendiente_181";"Pendientes largos colgante botella 'Poison' grabado plateado. Colgante botella con grabado calavera y texto";"PEN";"002";"001";"002";"3";"";"1";"";"disponible";"Pendientes largos colgante botella 'Poison' grabado plateado. Colgante botella con grabado calavera y texto";"/imagenes/lote-003/181-pendiente_181-BISU-PEN-001-M02C01P02-01.webp"
"pendiente_182";"BISU-PEN-001-M01C02P02";"pendiente_182";"Pendientes largos colgante oso plateado. Charm de oso met�lico plateado";"PEN";"001";"002";"002";"3";"";"1";"";"disponible";"Pendientes largos colgante oso plateado. Charm de oso met�lico plateado";"/imagenes/lote-003/182-pendiente_182-BISU-PEN-001-M01C02P02-01.webp"
"pendiente_183";"BISU-PEN-001-M01C01P02";"pendiente_183";"Pendientes largos disco esmaltado fucsia con cuenta facetada rosa. Disco esmaltado fucsia con cuenta facetada rosa superior";"PEN";"001";"001";"002";"3";"";"1";"";"disponible";"Pendientes largos disco esmaltado fucsia con cuenta facetada rosa. Disco esmaltado fucsia con cuenta facetada rosa superior";"/imagenes/lote-003/183-pendiente_183-BISU-PEN-001-M01C01P02-01.webp"
"pendiente_184";"BISU-PEN-001-M01C06P05";"pendiente_184";"Pendientes largos disco esmaltado mostaza borde met�lico. Disco esmaltado tono mostaza con aro met�lico";"PEN";"001";"006";"005";"3";"";"1";"";"disponible";"Pendientes largos disco esmaltado mostaza borde met�lico. Disco esmaltado tono mostaza con aro met�lico";"/imagenes/lote-003/184-pendiente_184-BISU-PEN-001-M01C06P05-01.webp"
"pendiente_185";"BISU-PEN-001-M01C06P05";"pendiente_185";"Pendientes largos esfera resina caf� con casquete met�lico. Esfera de resina tono caf� con casquete met�lico plateado";"PEN";"001";"006";"005";"3";"";"1";"";"disponible";"Pendientes largos esfera resina caf� con casquete met�lico. Esfera de resina tono caf� con casquete met�lico plateado";"/imagenes/lote-003/185-pendiente_185-BISU-PEN-001-M01C06P05-01.webp"
"pendiente_186";"BISU-PEN-001-M05C05P05";"pendiente_186";"Aros dorados trenzados con barra de strass (broche).  Aro trenzado dorado con fila de strass en el brazo";"PEN";"005";"005";"005";"3";"";"1";"";"disponible";"Aros dorados trenzados con barra de strass (broche).  Aro trenzado dorado con fila de strass en el brazo";"/imagenes/lote-003/186-pendiente_186-BISU-PEN-001-M05C05P05-01.webp"
"pendiente_187";"BISU-PEN-001-M05C05P06";"pendiente_187";"Pendientes bot�n disco plateado con texto y cristal (poste). Disco plateado con texto perimetral y cristal central";"PEN";"005";"005";"006";"3";"";"1";"";"disponible";"Pendientes bot�n disco plateado con texto y cristal (poste). Disco plateado con texto perimetral y cristal central";"/imagenes/lote-003/187-pendiente_187-BISU-PEN-001-M05C05P06-01.webp"
"pendiente_188";"BISU-PEN-001-M01C10P05";"pendiente_188";"Pendientes largos cadena con cuentas transparentes y dije bolso. Cadena plateada con peque�as cuentas transparentes en cascada y dije de bolso";"PEN";"001";"010";"005";"3";"";"1";"";"disponible";"Pendientes largos cadena con cuentas transparentes y dije bolso. Cadena plateada con peque�as cuentas transparentes en cascada y dije de bolso";"/imagenes/lote-003/188-pendiente_188-BISU-PEN-001-M01C10P05-01.webp"
"pendiente_189";"BISU-PEN-001-M02C10P05";"pendiente_189";"Pendientes colgantes esfera hematita texturizada peque�a. Esfera met�lica tono hematita con textura, tama�o peque�o";"PEN";"002";"010";"005";"3";"";"1";"";"disponible";"Pendientes colgantes esfera hematita texturizada peque�a. Esfera met�lica tono hematita con textura, tama�o peque�o";"/imagenes/lote-003/189-pendiente_189-BISU-PEN-001-M02C10P05-01.webp"
"pendiente_190";"BISU-PEN-001-M05C09P05";"pendiente_190";"Pendientes colgantes esfera hematita texturizada muy peque�a. Esfera tono hematita con textura fina, tama�o muy peque�o";"PEN";"005";"009";"005";"3";"";"1";"";"disponible";"Pendientes colgantes esfera hematita texturizada muy peque�a. Esfera tono hematita con textura fina, tama�o muy peque�o";"/imagenes/lote-003/190-pendiente_190-BISU-PEN-001-M05C09P05-01.webp"
"pendiente_191";"BISU-PEN-001-M05C13P05";"pendiente_191";"Pendientes bot�n doble cono blanco (poste). Cono superior y inferior de resina blanca conectados por poste";"PEN";"005";"013";"005";"3";"";"1";"";"disponible";"Pendientes bot�n doble cono blanco (poste). Cono superior y inferior de resina blanca conectados por poste";"/imagenes/lote-003/191-pendiente_191-BISU-PEN-001-M05C13P05-01.webp"
"pendiente_192";"BISU-PEN-001-M05C11P05";"pendiente_192";"Pendientes bot�n aro tribal blanco con dise�o negro (poste).  Aro tribal de resina blanca con motivos pintados en negro";"PEN";"005";"011";"005";"3";"";"1";"";"disponible";"Pendientes bot�n aro tribal blanco con dise�o negro (poste).  Aro tribal de resina blanca con motivos pintados en negro";"/imagenes/lote-003/192-pendiente_192-BISU-PEN-001-M05C11P05-01.webp"
"pendiente_193";"BISU-PEN-001-M05C05P05";"pendiente_193";"Arete barra con esfera y dije c�psula roja/blanca. Barra met�lica con esfera y colgante de c�psula roja/blanca";"PEN";"005";"005";"005";"3";"";"1";"";"disponible";"Arete barra con esfera y dije c�psula roja/blanca. Barra met�lica con esfera y colgante de c�psula roja/blanca";"/imagenes/lote-003/193-pendiente_193-BISU-PEN-001-M05C05P05-01.webp"
"pendiente_194";"BISU-PEN-001-M05C14P05";"pendiente_194";"Pendientes largos chandelier anillas bronce con cuentas rojas. Cadena de anillas tono bronce con cuentas rojas facetadas en cascada";"PEN";"005";"014";"005";"3";"";"1";"";"disponible";"Pendientes largos chandelier anillas bronce con cuentas rojas. Cadena de anillas tono bronce con cuentas rojas facetadas en cascada";"/imagenes/lote-003/194-pendiente_194-BISU-PEN-001-M05C14P05-01.webp"
"pendiente_195";"BISU-PEN-001-M05C06P05";"pendiente_195";"Pendientes bot�n semiesfera perlada celeste (poste). Semiesfera de resina perlada color celeste";"PEN";"005";"006";"005";"3";"";"1";"";"disponible";"Pendientes bot�n semiesfera perlada celeste (poste). Semiesfera de resina perlada color celeste";"/imagenes/lote-003/195-pendiente_195-BISU-PEN-001-M05C06P05-01.webp"
"pendiente_196";"BISU-PEN-001-M05C13P05";"pendiente_196";"Pendientes bot�n semiesfera perlada rosa (poste). Semiesfera de resina perlada color rosa";"PEN";"005";"013";"005";"3";"";"1";"";"disponible";"Pendientes bot�n semiesfera perlada rosa (poste). Semiesfera de resina perlada color rosa";"/imagenes/lote-003/196-pendiente_196-BISU-PEN-001-M05C13P05-01.webp"
"pendiente_197";"BISU-PEN-001-M05C06P05";"pendiente_197";"Pendientes bot�n semiesfera perlada verde claro (poste). Semiesfera de resina perlada color verde claro";"PEN";"005";"006";"005";"3";"";"1";"";"disponible";"Pendientes bot�n semiesfera perlada verde claro (poste). Semiesfera de resina perlada color verde claro";"/imagenes/lote-003/197-pendiente_197-BISU-PEN-001-M05C06P05-01.webp"
"pendiente_198";"BISU-PEN-001-M05C13P05";"pendiente_198";"Pendientes bot�n semiesfera perlada blanca (poste). Semiesfera de resina perlada color blanco";"PEN";"005";"013";"005";"3";"";"1";"";"disponible";"Pendientes bot�n semiesfera perlada blanca (poste). Semiesfera de resina perlada color blanco";"/imagenes/lote-003/198-pendiente_198-BISU-PEN-001-M05C13P05-01.webp"
"pendiente_199";"BISU-PEN-001-M05C06P05";"pendiente_199";"Pendientes bot�n semiesfera perlada violeta (poste). Semiesfera de resina perlada color violeta";"PEN";"005";"006";"005";"3";"";"1";"";"disponible";"Pendientes bot�n semiesfera perlada violeta (poste). Semiesfera de resina perlada color violeta";"/imagenes/lote-003/199-pendiente_199-BISU-PEN-001-M05C06P05-01.webp"
"pendiente_200";"BISU-PEN-001-M05C09P05";"pendiente_200";"Pendientes bot�n semiesfera perlada gris (poste). Semiesfera de resina perlada color gris/plateado";"PEN";"005";"009";"005";"3";"";"1";"";"disponible";"Pendientes bot�n semiesfera perlada gris (poste). Semiesfera de resina perlada color gris/plateado";"/imagenes/lote-003/200-pendiente_200-BISU-PEN-001-M05C09P05-01.webp"
"pendiente_201";"BISU-PEN-001-M01C13P02";"pendiente_201";"Pendientes bot�n semiesfera perlada magenta (poste). Semiesfera de resina perlada color magenta/fucsia";"PEN";"001";"013";"002";"3";"";"1";"";"disponible";"Pendientes bot�n semiesfera perlada magenta (poste). Semiesfera de resina perlada color magenta/fucsia";"/imagenes/lote-003/201-pendiente_201-BISU-PEN-001-M01C13P02-01.webp"
"pendiente_202";"BISU-PEN-001-M01C09P02";"pendiente_202";"Pendientes bot�n semiesfera perlada negra (poste). Semiesfera de resina perlada color negro";"PEN";"001";"009";"002";"3";"";"1";"";"disponible";"Pendientes bot�n semiesfera perlada negra (poste). Semiesfera de resina perlada color negro";"/imagenes/lote-003/202-pendiente_202-BISU-PEN-001-M01C09P02-01.webp"
"pendiente_203";"BISU-PEN-001-M01C05P02";"pendiente_203";"Pendientes bot�n esfera resina magenta (poste). Esfera de resina color magenta";"PEN";"001";"005";"002";"3";"";"1";"";"disponible";"Pendientes bot�n esfera resina magenta (poste). Esfera de resina color magenta";"/imagenes/lote-003/203-pendiente_203-BISU-PEN-001-M01C05P02-01.webp"
"pendiente_204";"BISU-PEN-001-M01C14P02";"pendiente_204";"Pendientes bot�n esfera resina negra (poste). Esfera de resina color negro";"PEN";"001";"014";"002";"3";"";"1";"";"disponible";"Pendientes bot�n esfera resina negra (poste). Esfera de resina color negro";"/imagenes/lote-003/204-pendiente_204-BISU-PEN-001-M01C14P02-01.webp"
"pendiente_205";"BISU-PEN-001-M02C01P05";"pendiente_205";"Pendientes bot�n esfera resina celeste (poste). Esfera de resina color celeste";"PEN";"002";"001";"005";"3";"";"1";"";"disponible";"Pendientes bot�n esfera resina celeste (poste). Esfera de resina color celeste";"/imagenes/lote-003/205-pendiente_205-BISU-PEN-001-M02C01P05-01.webp"
"pendiente_206";"BISU-PEN-001-M02C01P05";"pendiente_206";"Pendientes bot�n mini flor esmaltada magenta con strass (poste). Flor met�lica de 4 p�talos esmaltados magenta con cristal central";"PEN";"002";"001";"005";"3";"";"1";"";"disponible";"Pendientes bot�n mini flor esmaltada magenta con strass (poste). Flor met�lica de 4 p�talos esmaltados magenta con cristal central";"/imagenes/lote-003/206-pendiente_206-BISU-PEN-001-M02C01P05-01.webp"
"pendiente_207";"BISU-PEN-001-M01C10P02";"pendiente_207";"Pendientes bot�n mini flor esmaltada azul con strass (poste). Flor met�lica de 4 p�talos esmaltados azul con cristal central";"PEN";"001";"010";"002";"3";"";"1";"";"disponible";"Pendientes bot�n mini flor esmaltada azul con strass (poste). Flor met�lica de 4 p�talos esmaltados azul con cristal central";"/imagenes/lote-003/207-pendiente_207-BISU-PEN-001-M01C10P02-01.webp"
"pendiente_208";"BISU-PEN-001-M02C01P05";"pendiente_208";"Pendientes bot�n mini flor esmaltada roja con strass (poste). Flor met�lica de 4 p�talos esmaltados rojo con cristal central";"PEN";"002";"001";"005";"3";"";"1";"";"disponible";"Pendientes bot�n mini flor esmaltada roja con strass (poste). Flor met�lica de 4 p�talos esmaltados rojo con cristal central";"/imagenes/lote-003/208-pendiente_208-BISU-PEN-001-M02C01P05-01.webp"
"pendiente_209";"BISU-PEN-001-M01C06P05";"pendiente_209";"Pendientes bot�n mini flor esmaltada violeta con strass (poste). Flor met�lica de 4 p�talos esmaltados violeta con cristal central";"PEN";"001";"006";"005";"3";"";"1";"";"disponible";"Pendientes bot�n mini flor esmaltada violeta con strass (poste). Flor met�lica de 4 p�talos esmaltados violeta con cristal central";"/imagenes/lote-003/209-pendiente_209-BISU-PEN-001-M01C06P05-01.webp"
"pendiente_210";"BISU-PEN-001-M02C01P02";"pendiente_210";"Pendientes largos cadena dorada con cuentas tipo perla en cascada. Estructura de eslabones dorados con m�ltiples cuentas tipo perla crema en di";"PEN";"002";"001";"002";"3";"";"1";"";"disponible";"Pendientes largos cadena dorada con cuentas tipo perla en cascada. Estructura de eslabones dorados con m�ltiples cuentas tipo perla crema en di";"/imagenes/lote-003/210-pendiente_210-BISU-PEN-001-M02C01P02-01.webp"
"pendiente_211";"BISU-PEN-001-M02C01P05";"pendiente_211";"Pendientes largos cascada de discos y hojas doradas cepilladas. M�dulos de discos redondos y piezas tipo hoja acabado dorado cepillado en ca�da es";"PEN";"002";"001";"005";"3";"";"1";"";"disponible";"Pendientes largos cascada de discos y hojas doradas cepilladas. M�dulos de discos redondos y piezas tipo hoja acabado dorado cepillado en ca�da es";"/imagenes/lote-003/211-pendiente_211-BISU-PEN-001-M02C01P05-01.webp"
"pendiente_212";"BISU-PEN-002-M01C06P06";"pendiente_212";"Pendientes largos filigrana triangular plateada con strass y cuentas rojas. Marco calado triangular plateado con cristales rojos y hil";"PEN";"001";"006";"006";"3";"";"1";"";"disponible";"Pendientes largos filigrana triangular plateada con strass y cuentas rojas. Marco calado triangular plateado con cristales rojos y hil";"/imagenes/lote-003/212-pendiente_212-BISU-PEN-002-M01C06P06-01.webp"
"pulsera_001";"BISU-PUL-003-M01C01P02";"pulsera_001";"Pulsera brazalete abierto dorado con hojas en los extremos. Brazalete delgado tono dorado con motivo de hojas en las puntas";"PUL";"001";"001";"002";"3";"";"1";"";"disponible";"Pulsera brazalete abierto dorado con hojas en los extremos. Brazalete delgado tono dorado con motivo de hojas en las puntas";"/imagenes/lote-003/213-pulsera_001-BISU-PUL-003-M01C01P02-01.webp"
"pulsera_002";"BISU-PUL-004-M01C05P05";"pulsera_002";"Pulsera brazalete cerrado textura oscura. Brazalete circular acabado oscuro/hematita con textura en relieve";"PUL";"001";"005";"005";"3";"";"1";"";"disponible";"Pulsera brazalete cerrado textura oscura. Brazalete circular acabado oscuro/hematita con textura en relieve";"/imagenes/lote-003/214-pulsera_002-BISU-PUL-004-M01C05P05-01.webp"
"pulsera_003";"BISU-PUL-005-M01C02P02";"pulsera_003";"Pulsera brazalete abierto dorado con punta de flecha con strass. Extremos con motivo de flecha en pav� de cristales transparentes";"PUL";"001";"002";"002";"3";"";"1";"";"disponible";"Pulsera brazalete abierto dorado con punta de flecha con strass. Extremos con motivo de flecha en pav� de cristales transparentes";"/imagenes/lote-003/215-pulsera_003-BISU-PUL-005-M01C02P02-01.webp"
"pulsera_004";"BISU-PUL-006-M01C02P02";"pulsera_004";"Pulsera brazalete abierto dorado con pluma. Extremos con motivo de pluma estilizada";"PUL";"001";"002";"002";"3";"";"1";"";"disponible";"Pulsera brazalete abierto dorado con pluma. Extremos con motivo de pluma estilizada";"/imagenes/lote-003/216-pulsera_004-BISU-PUL-006-M01C02P02-01.webp"
"pulsera_005";"BISU-PUL-007-M01C02P05";"pulsera_005";"Pulsera r�gida plateada con segmentos esmaltados multicolor.";"PUL";"001";"002";"005";"3";"";"1";"";"disponible";"Pulsera r�gida plateada con segmentos esmaltados multicolor.";"/imagenes/lote-003/217-pulsera_005-BISU-PUL-007-M01C02P05-01.webp"
"pulsera_006";"BISU-PUL-008-M01C02P05";"pulsera_006";"Pulsera r�gida plateada calavera con pav� de strass. Centro de calavera con huesos laterales cubiertos de cristales transparentes";"PUL";"001";"002";"005";"3";"";"1";"";"disponible";"Pulsera r�gida plateada calavera con pav� de strass. Centro de calavera con huesos laterales cubiertos de cristales transparentes";"/imagenes/lote-003/218-pulsera_006-BISU-PUL-008-M01C02P05-01.webp"
"pulsera_007";"BISU-PUL-009-M02C01P05";"pulsera_007";"Pulsera cadena plateada con tres dijes circulares tipo madreperla. Cadena con tres medallones circulares con inserto blanco nacarado";"PUL";"002";"001";"005";"3";"";"1";"";"disponible";"Pulsera cadena plateada con tres dijes circulares tipo madreperla. Cadena con tres medallones circulares con inserto blanco nacarado";"/imagenes/lote-003/219-pulsera_007-BISU-PUL-009-M02C01P05-01.webp"
"pulsera_008";"BISU-PUL-0010-M02C01P05";"pulsera_008";"Pulsera r�gida plateada ancha con pav� de strass. Brazalete ancho tono plateado";"PUL";"002";"001";"005";"3";"";"1";"";"disponible";"Pulsera r�gida plateada ancha con pav� de strass. Brazalete ancho tono plateado";"/imagenes/lote-003/220-pulsera_008-BISU-PUL-0010-M02C01P05-01.webp"
"pulsera_009";"BISU-PUL-0011-M01C05P05";"pulsera_009";"Pulsera r�gida plateada delgada con doble hilera de strass. Brazalete";"PUL";"001";"005";"005";"3";"";"1";"";"disponible";"Pulsera r�gida plateada delgada con doble hilera de strass. Brazalete";"/imagenes/lote-003/221-pulsera_009-BISU-PUL-0011-M01C05P05-01.webp"
"pulsera_010";"BISU-PUL-0012-M01C06P05";"pulsera_010";"Set de 6 pulseras delgadas plateadas texturizadas. Conjunto de seis aros finos";"PUL";"001";"006";"005";"3";"";"1";"";"disponible";"Set de 6 pulseras delgadas plateadas texturizadas. Conjunto de seis aros finos";"/imagenes/lote-003/222-pulsera_010-BISU-PUL-0012-M01C06P05-01.webp"
"pulsera_011";"BISU-PUL-0013-M01C02P05";"pulsera_011";"Set de 3 pulseras delgadas plateadas texturizadas. Conjunto de tres aros finos";"PUL";"001";"002";"005";"3";"";"1";"";"disponible";"Set de 3 pulseras delgadas plateadas texturizadas. Conjunto de tres aros finos";"/imagenes/lote-003/223-pulsera_011-BISU-PUL-0013-M01C02P05-01.webp"
"pulsera_012";"BISU-PUL-003-M01C02P05";"pulsera_012";"Par de pulseras doradas trenzadas. Dos aros tono dorado con dise�o trenzado/retorcido homog�neo";"PUL";"001";"002";"005";"3";"";"1";"";"disponible";"Par de pulseras doradas trenzadas. Dos aros tono dorado con dise�o trenzado/retorcido homog�neo";"/imagenes/lote-003/224-pulsera_012-BISU-PUL-003-M01C02P05-01.webp"
"pulsera_013";"BISU-PUL-003-M01C06P05";"pulsera_013";"Pulsera cadena dorada con tres discos texturizados. Cadena y extensi�n con tres elementos circulares dorados de textura radial (centro grande y dos pequ";"PUL";"001";"006";"005";"3";"";"1";"";"disponible";"Pulsera cadena dorada con tres discos texturizados. Cadena y extensi�n con tres elementos circulares dorados de textura radial (centro grande y dos pequ";"/imagenes/lote-003/225-pulsera_013-BISU-PUL-003-M01C06P05-01.webp"
"pulsera_014";"BISU-PUL-003-M05C11P06";"pulsera_014";"Pulsera el�stica con cuentas blancas y cruces plateadas, dije cruz y coraz�n. Cuentas blancas mate/transl�cidas alternadas con";"PUL";"005";"011";"006";"3";"";"1";"";"disponible";"Pulsera el�stica con cuentas blancas y cruces plateadas, dije cruz y coraz�n. Cuentas blancas mate/transl�cidas alternadas con";"/imagenes/lote-003/226-pulsera_014-BISU-PUL-003-M05C11P06-01.webp"
"pulsera_015";"BISU-PUL-004-M01C04P02";"pulsera_015";"Pulsera el�stica estrellas met�licas doradas y plateadas. Cuentas con forma de estrella en acabados dorado satinado y plateado brillante";"PUL";"001";"004";"002";"3";"";"1";"";"disponible";"Pulsera el�stica estrellas met�licas doradas y plateadas. Cuentas con forma de estrella en acabados dorado satinado y plateado brillante";"/imagenes/lote-003/227-pulsera_015-BISU-PUL-004-M01C04P02-01.webp"
"pulsera_016";"BISU-PUL-005-M08C06P02";"pulsera_016";"Set de 6 pulseras el�sticas de bloques cuadrados plateados. Conjunto de seis aros el�sticos formados por peque�os cubos met�licos tono plateado";"PUL";"008";"006";"002";"3";"";"1";"";"disponible";"Set de 6 pulseras el�sticas de bloques cuadrados plateados. Conjunto de seis aros el�sticos formados por peque�os cubos met�licos tono plateado";"/imagenes/lote-003/228-pulsera_016-BISU-PUL-005-M08C06P02-01.webp"
"pulsera_017";"BISU-PUL-005-M01C09P06";"pulsera_017";"Pulsera con dije acabado plateado sin piedras. Cord�n negro con m�ltiples anillos met�licos y medalla circular con texto y centro negro";"PUL";"001";"009";"006";"3";"";"1";"";"disponible";"Pulsera con dije acabado plateado sin piedras. Cord�n negro con m�ltiples anillos met�licos y medalla circular con texto y centro negro";"/imagenes/lote-003/229-pulsera_017-BISU-PUL-005-M01C09P06-01.webp"
"pulsera_018";"BISU-PUL-005-M02C03P02";"pulsera_018";"Pulsera con dijes multicolor sin piedras. Bolas met�licas en tonos dorado, plateado y oro rosado con tres dijes de doble C";"PUL";"002";"003";"002";"3";"";"1";"";"disponible";"Pulsera con dijes multicolor sin piedras. Bolas met�licas en tonos dorado, plateado y oro rosado con tres dijes de doble C";"/imagenes/lote-003/230-pulsera_018-BISU-PUL-005-M02C03P02-01.webp"
"pulsera_019";"BISU-PUL-004-M01C02P02";"pulsera_019";"Pulsera con dijes en resina verde con esmalte. Cord�n trenzado negro con cuentas plateadas envejecidas y dijes coraz�n y s�mbolo de paz en verde esmaltado";"PUL";"001";"002";"002";"3";"";"1";"";"disponible";"Pulsera con dijes en resina verde con esmalte. Cord�n trenzado negro con cuentas plateadas envejecidas y dijes coraz�n y s�mbolo de paz en verde esmaltado";"/imagenes/lote-003/231-pulsera_019-BISU-PUL-004-M01C02P02-01.webp"
"collar_001";"BISU-COL-004-M05C09P05";"collar_001";"Gargantilla acabado negro con cristales. Cadena tono hematita con motivo floral de peque�os cristales grises";"COL";"005";"009";"005";"3";"";"1";"";"disponible";"Gargantilla acabado negro con cristales. Cadena tono hematita con motivo floral de peque�os cristales grises";"/imagenes/lote-003/232-collar_001-BISU-COL-004-M05C09P05-01.webp"
"collar_002";"BISU-COL-000-M02C01P05";"collar_002";"Collar con dije textil multicolor con cristales. Cord�n fucsia con nudos tipo macram� y dije mano Hamsa con ojo";"COL";"002";"001";"005";"3";"";"1";"";"disponible";"Collar con dije textil multicolor con cristales. Cord�n fucsia con nudos tipo macram� y dije mano Hamsa con ojo";"/imagenes/lote-003/233-collar_002-BISU-COL-000-M02C01P05-01.webp"
"collar_003";"BISU-COL-002-M05C04P05";"collar_003";"Collar con dije acabado plateado con esmalte azul. Cadena plateada con letra N y coraz�n con esmalte azul";"COL";"005";"004";"005";"3";"";"1";"";"disponible";"Collar con dije acabado plateado con esmalte azul. Cadena plateada con letra N y coraz�n con esmalte azul";"/imagenes/lote-003/234-collar_003-BISU-COL-002-M05C04P05-01.webp"
"collar_004";"BISU-COL-003-M01C02P02";"collar_004";"Collar con dije acabado oro rosado con cristales. Cadena oro rosado con medallones florales y peque�as cuentas";"COL";"001";"002";"002";"3";"";"1";"";"disponible";"Collar con dije acabado oro rosado con cristales. Cadena oro rosado con medallones florales y peque�as cuentas";"/imagenes/lote-003/235-collar_004-BISU-COL-003-M01C02P02-01.webp"
"collar_005";"BISU-COL-003-M04C04P02";"collar_005";"Gargantilla acabado plateado con cristales. Triple malla plateada con tres anillos con strass";"COL";"004";"004";"002";"3";"";"1";"";"disponible";"Gargantilla acabado plateado con cristales. Triple malla plateada con tres anillos con strass";"/imagenes/lote-003/236-collar_005-BISU-COL-003-M04C04P02-01.webp"
"collar_006";"BISU-COL-003-M02C01P02";"collar_006";"Gargantilla en resina azul sin piedras. Gargantilla de cuentas azules con cierre acabado plateado";"COL";"002";"001";"002";"3";"";"1";"";"disponible";"Gargantilla en resina azul sin piedras. Gargantilla de cuentas azules con cierre acabado plateado";"/imagenes/lote-003/237-collar_006-BISU-COL-003-M02C01P02-01.webp"
"accesorio_001";"BISU-ACC-002-M05C05P05";"accesorio_001";"Accesorio acabado dorado sin piedras. Reloj pulsera estilo wrap con cadenas doradas y correa trenzada negra";"ACC";"005";"005";"005";"3";"";"1";"";"disponible";"Accesorio acabado dorado sin piedras. Reloj pulsera estilo wrap con cadenas doradas y correa trenzada negra";"/imagenes/lote-003/238-accesorio_001-BISU-ACC-002-M05C05P05-01.webp"
"anillo_001";"BISU-ANI-002-M01C02P05";"anillo_001";"Anillo resina negro sin piedras motivo rosa.  Anillo de resina negra con flor rosa moldeada, acabado brillante";"ANI";"001";"002";"005";"3";"";"1";"";"disponible";"Anillo resina negro sin piedras motivo rosa.  Anillo de resina negra con flor rosa moldeada, acabado brillante";"/imagenes/lote-003/239-anillo_001-BISU-ANI-002-M01C02P05-01.webp"
"anillo_002";"BISU-ANI-001-M02C01P05";"anillo_002";"Anillo acabado plateado con cristales y n�car.  Aro plateado con flor central de n�car y contorno de cristales";"ANI";"002";"001";"005";"3";"";"1";"";"disponible";"Anillo acabado plateado con cristales y n�car.  Aro plateado con flor central de n�car y contorno de cristales";"/imagenes/lote-003/240-anillo_002-BISU-ANI-001-M02C01P05-01.webp"
"anillo_003";"BISU-ANI-001-M01C02P02";"anillo_003";"Anillo acabado negro con cristales.  Aro ancho tono hematita con cristales negros en todo el contorno";"ANI";"001";"002";"002";"3";"";"1";"";"disponible";"Anillo acabado negro con cristales.  Aro ancho tono hematita con cristales negros en todo el contorno";"/imagenes/lote-004/241-anillo_003-BISU-ANI-001-M01C02P02-01.webp"
"anillo_004";"BISU-ANI-00-";"anillo_004";"Anillo acabado dorado con cristales.  ro ancho dorado con m�ltiples cristales transparentes";"ANI";"999";"999";"000";"3";"";"1";"";"disponible";"Anillo acabado dorado con cristales.  ro ancho dorado con m�ltiples cristales transparentes";"/imagenes/lote-004/242-anillo_004-BISU-ANI-00-01.webp"
"anillo_005";"BISU-ANI-00-";"anillo_005";"Anillo resina blanca sin piedras facetado.  Anillo voluminoso de resina blanca facetada";"ANI";"999";"999";"000";"3";"";"1";"";"disponible";"Anillo resina blanca sin piedras facetado.  Anillo voluminoso de resina blanca facetada";"/imagenes/lote-004/243-anillo_005-BISU-ANI-00-01.webp"
"anillo_006";"BISU-ANI-00-";"anillo_006";"Anillo acabado plateado sin piedras textura martillada.  Aro ancho acabado";"ANI";"999";"999";"000";"3";"";"1";"";"disponible";"Anillo acabado plateado sin piedras textura martillada.  Aro ancho acabado";"/imagenes/lote-004/244-anillo_006-BISU-ANI-00-01.webp"
"conjunto_0011";"BISU-CON-00-";"conjunto_0011";"Conjunto collar y Pendientes con cuentas doradas";"CON";"999";"999";"000";"3";"";"1";"";"disponible";"Conjunto collar y Pendientes con cuentas doradas";"/imagenes/lote-004/245-conjunto_0011-BISU-CON-00-01.webp"
"pin_0011";"BISU-PIN-00-";"pin_0011";"Pin para cabello acabado plateado con cristales";"PIN";"999";"999";"000";"3";"";"1";"";"disponible";"Pin para cabello acabado plateado con cristales";"/imagenes/lote-004/246-pin_0011-BISU-PIN-00-01.webp"
